-- Server version	8.0.18

/*!40101 SET @OLD_CHARACTER_SET_CLIENT=@@CHARACTER_SET_CLIENT */;
/*!40101 SET @OLD_CHARACTER_SET_RESULTS=@@CHARACTER_SET_RESULTS */;
/*!40101 SET @OLD_COLLATION_CONNECTION=@@COLLATION_CONNECTION */;
/*!50503 SET NAMES utf8 */;
/*!40103 SET @OLD_TIME_ZONE=@@TIME_ZONE */;
/*!40103 SET TIME_ZONE='+00:00' */;
/*!40014 SET @OLD_UNIQUE_CHECKS=@@UNIQUE_CHECKS, UNIQUE_CHECKS=0 */;
/*!40014 SET @OLD_FOREIGN_KEY_CHECKS=@@FOREIGN_KEY_CHECKS, FOREIGN_KEY_CHECKS=0 */;
/*!40101 SET @OLD_SQL_MODE=@@SQL_MODE, SQL_MODE='NO_AUTO_VALUE_ON_ZERO' */;
/*!40111 SET @OLD_SQL_NOTES=@@SQL_NOTES, SQL_NOTES=0 */;

--
-- Table structure for table `departments`
--

DROP TABLE IF EXISTS `departments`;
/*!40101 SET @saved_cs_client     = @@character_set_client */;
/*!50503 SET character_set_client = utf8mb4 */;
CREATE TABLE `departments` (
  `dept_no` varchar(10) NOT NULL,
  `dept_name` varchar(255) NOT NULL,
  PRIMARY KEY (`dept_no`)
) ENGINE=InnoDB DEFAULT CHARSET=utf8mb4 COLLATE=utf8mb4_0900_ai_ci;
/*!40101 SET character_set_client = @saved_cs_client */;

--
-- Dumping data for table `departments`
--

LOCK TABLES `departments` WRITE;
/*!40000 ALTER TABLE `departments` DISABLE KEYS */;
INSERT INTO `departments` VALUES ('d001','Marketing'),('d002','Finance'),('d003','Human Resources'),('d004','Production'),('d005','Development'),('d006','Quality Management'),('d007','Sales'),('d008','Research'),('d009','Customer Service'),('dept_no','dept_name');
/*!40000 ALTER TABLE `departments` ENABLE KEYS */;
UNLOCK TABLES;

--
-- Table structure for table `dept_emp`
--

DROP TABLE IF EXISTS `dept_emp`;
/*!40101 SET @saved_cs_client     = @@character_set_client */;
/*!50503 SET character_set_client = utf8mb4 */;
CREATE TABLE `dept_emp` (
  `emp_no` int(11) NOT NULL,
  `dept_no` varchar(20) NOT NULL,
  KEY `emp_no_idx` (`emp_no`)
) ENGINE=InnoDB DEFAULT CHARSET=utf8mb4 COLLATE=utf8mb4_0900_ai_ci;
/*!40101 SET character_set_client = @saved_cs_client */;

--
-- Dumping data for table `dept_emp`
--

LOCK TABLES `dept_emp` WRITE;
/*!40000 ALTER TABLE `dept_emp` DISABLE KEYS */;
INSERT INTO `dept_emp` VALUES (10001,'d005'),(10002,'d007'),(10003,'d004'),(10004,'d004'),(10005,'d003'),(10006,'d005'),(10007,'d008'),(10008,'d005'),(10009,'d006'),(10010,'d004'),(10010,'d006'),(10011,'d009'),(10012,'d005'),(10013,'d003'),(10014,'d005'),(10015,'d008'),(10016,'d007'),(10017,'d001'),(10018,'d004'),(10018,'d005'),(10019,'d008'),(10020,'d004'),(10021,'d005'),(10022,'d005'),(10023,'d005'),(10024,'d004'),(10025,'d005'),(10026,'d004'),(10027,'d005'),(10028,'d005'),(10029,'d004'),(10029,'d006'),(10030,'d004'),(10031,'d005'),(10032,'d004'),(10033,'d006'),(10034,'d007'),(10035,'d004'),(10036,'d003'),(10037,'d005'),(10038,'d009'),(10039,'d003'),(10040,'d005'),(10040,'d008'),(10041,'d007'),(10042,'d002'),(10043,'d005'),(10044,'d004'),(10045,'d004'),(10046,'d008'),(10047,'d004'),(10048,'d005'),(10049,'d009'),(10050,'d002'),(10050,'d007'),(10051,'d004'),(10052,'d008'),(10053,'d007'),(10054,'d003'),(10055,'d001'),(10056,'d005'),(10057,'d005'),(10058,'d001'),(10059,'d002'),(10060,'d007'),(10060,'d009'),(10061,'d007'),(10062,'d005'),(10063,'d004'),(10064,'d008'),(10065,'d005'),(10066,'d005'),(10067,'d006'),(10068,'d007'),(10069,'d004'),(10070,'d005'),(10070,'d008'),(10071,'d003'),(10072,'d005'),(10073,'d006'),(10074,'d005'),(10075,'d005'),(10076,'d005'),(10077,'d003'),(10078,'d005'),(10079,'d005'),(10080,'d002'),(10080,'d003'),(10081,'d004'),(10082,'d008'),(10083,'d004'),(10084,'d004'),(10085,'d004'),(10086,'d003'),(10087,'d007'),(10088,'d007'),(10088,'d009'),(10089,'d007'),(10090,'d005'),(10091,'d005'),(10092,'d005'),(10093,'d007'),(10094,'d008'),(10095,'d007'),(10096,'d004'),(10097,'d008'),(10098,'d004'),(10098,'d009'),(10099,'d007'),(10100,'d003'),(10101,'d007'),(10102,'d004'),(10103,'d005'),(10104,'d008'),(10105,'d003'),(10106,'d004'),(10107,'d007'),(10108,'d001'),(10108,'d003'),(10109,'d004'),(10110,'d003'),(10111,'d006'),(10112,'d009'),(10113,'d004'),(10114,'d008'),(10115,'d009'),(10116,'d005'),(10116,'d008'),(10117,'d004'),(10118,'d005'),(10119,'d004'),(10120,'d004'),(10121,'d005'),(10122,'d005'),(10123,'d004'),(10124,'d004'),(10124,'d006'),(10125,'d007'),(10126,'d009'),(10127,'d005'),(10128,'d009'),(10129,'d005'),(10130,'d004'),(10131,'d004'),(10132,'d002'),(10133,'d004'),(10134,'d004'),(10134,'d005'),(10135,'d004'),(10136,'d007'),(10137,'d009'),(10138,'d006'),(10139,'d005'),(10140,'d001'),(10141,'d008'),(10142,'d005'),(10143,'d005'),(10144,'d002'),(10144,'d003'),(10145,'d005'),(10146,'d002'),(10147,'d002'),(10148,'d007'),(10149,'d007'),(10150,'d005'),(10151,'d007'),(10152,'d006'),(10153,'d005'),(10154,'d009'),(10155,'d004'),(10155,'d008'),(10156,'d006'),(10157,'d005'),(10158,'d004'),(10159,'d006'),(10160,'d007'),(10161,'d004'),(10162,'d004'),(10163,'d003'),(10164,'d004'),(10164,'d009'),(10165,'d002'),(10166,'d005'),(10167,'d004'),(10168,'d008'),(10169,'d005'),(10170,'d004'),(10171,'d004'),(10172,'d005'),(10172,'d008'),(10173,'d002'),(10174,'d004'),(10175,'d001'),(10176,'d009'),(10177,'d002'),(10178,'d007'),(10179,'d005'),(10180,'d002'),(10181,'d005'),(10182,'d005'),(10182,'d008'),(10183,'d009'),(10184,'d009'),(10185,'d007'),(10186,'d002'),(10187,'d002'),(10188,'d004'),(10189,'d005'),(10190,'d004'),(10191,'d005'),(10192,'d004'),(10192,'d006'),(10193,'d005'),(10194,'d002'),(10195,'d004'),(10196,'d002'),(10197,'d005'),(10198,'d005'),(10199,'d007'),(10200,'d004'),(10200,'d006'),(10201,'d005'),(10202,'d005'),(10203,'d008'),(10204,'d005'),(10205,'d004'),(10206,'d005'),(10207,'d005'),(10208,'d001'),(10209,'d002'),(10209,'d007'),(10210,'d009'),(10211,'d005'),(10212,'d005'),(10213,'d009'),(10214,'d007'),(10215,'d007'),(10216,'d008'),(10217,'d004'),(10218,'d004'),(10219,'d005'),(10219,'d009'),(10220,'d002'),(10221,'d004'),(10222,'d004'),(10223,'d005'),(10224,'d004'),(10225,'d009'),(10226,'d007'),(10227,'d005'),(10228,'d001'),(10228,'d007'),(10229,'d006'),(10230,'d008'),(10231,'d009'),(10232,'d007'),(10233,'d003'),(10234,'d007'),(10235,'d004'),(10236,'d007'),(10237,'d007'),(10238,'d005'),(10238,'d008'),(10239,'d001'),(10240,'d006'),(10241,'d002'),(10242,'d004'),(10243,'d007'),(10244,'d005'),(10245,'d008'),(10246,'d004'),(10247,'d004'),(10248,'d007'),(10249,'d005'),(10249,'d008'),(10250,'d006'),(10251,'d008'),(10252,'d004'),(10253,'d007'),(10254,'d007'),(10255,'d004'),(10256,'d007'),(10257,'d004'),(10258,'d005'),(10259,'d001'),(10259,'d009'),(10260,'d004'),(10261,'d005'),(10262,'d007'),(10263,'d002'),(10264,'d005'),(10265,'d006'),(10266,'d004'),(10267,'d004'),(10268,'d004'),(10268,'d005'),(10269,'d004'),(10270,'d007'),(10271,'d005'),(10272,'d002'),(10273,'d007'),(10274,'d005'),(10275,'d005'),(10276,'d005'),(10277,'d007'),(10278,'d005'),(10279,'d004'),(10279,'d009'),(10280,'d003'),(10281,'d006'),(10282,'d004'),(10283,'d005'),(10284,'d004'),(10285,'d008'),(10286,'d009'),(10287,'d005'),(10287,'d008'),(10288,'d004'),(10289,'d005'),(10290,'d005'),(10291,'d007'),(10292,'d007'),(10293,'d004'),(10294,'d005'),(10295,'d002'),(10296,'d007'),(10297,'d004'),(10298,'d004'),(10298,'d008'),(10299,'d007'),(10300,'d004'),(10301,'d002'),(10302,'d007'),(10303,'d004'),(10304,'d007'),(10305,'d005'),(10306,'d007'),(10307,'d004'),(10307,'d006'),(10308,'d007'),(10309,'d005'),(10310,'d004'),(10311,'d005'),(10312,'d004'),(10313,'d008'),(10314,'d007'),(10315,'d005'),(10316,'d006'),(10317,'d004'),(10317,'d008'),(10318,'d005'),(10319,'d007'),(10320,'d007'),(10321,'d007'),(10322,'d005'),(10323,'d004'),(10324,'d005'),(10325,'d003'),(10326,'d008'),(10327,'d005'),(10327,'d008'),(10328,'d005'),(10329,'d004'),(10330,'d007'),(10331,'d007'),(10332,'d004'),(10333,'d005'),(10334,'d009'),(10335,'d007'),(10335,'d009'),(10336,'d008'),(10337,'d004'),(10338,'d009'),(10339,'d004'),(10340,'d001'),(10341,'d004'),(10342,'d005'),(10343,'d006'),(10344,'d004'),(10344,'d006'),(10345,'d005'),(10346,'d007'),(10347,'d008'),(10348,'d004'),(10349,'d009'),(10350,'d004'),(10351,'d002'),(10352,'d005'),(10353,'d001'),(10354,'d002'),(10354,'d003'),(10355,'d007'),(10356,'d008'),(10357,'d006'),(10358,'d005'),(10359,'d005'),(10360,'d003'),(10361,'d007'),(10362,'d003'),(10363,'d004'),(10363,'d006'),(10364,'d004'),(10365,'d008'),(10366,'d005'),(10367,'d001'),(10368,'d004'),(10369,'d007'),(10370,'d007'),(10371,'d004'),(10372,'d004'),(10373,'d005'),(10374,'d007'),(10374,'d009'),(10375,'d007'),(10376,'d004'),(10377,'d004'),(10378,'d007'),(10379,'d005'),(10380,'d007'),(10381,'d004'),(10382,'d004'),(10382,'d009'),(10383,'d004'),(10384,'d001'),(10385,'d004'),(10386,'d005'),(10387,'d009'),(10388,'d007'),(10389,'d005'),(10390,'d006'),(10391,'d005'),(10392,'d004'),(10392,'d006'),(10393,'d004'),(10394,'d005'),(10395,'d005'),(10396,'d005'),(10397,'d004'),(10398,'d007'),(10399,'d007'),(10400,'d007'),(10401,'d006'),(10402,'d006'),(10403,'d002'),(10403,'d007'),(10404,'d005'),(10405,'d006'),(10406,'d006'),(10407,'d007'),(10408,'d007'),(10409,'d005'),(10410,'d007'),(10411,'d007'),(10412,'d004'),(10412,'d009'),(10413,'d003'),(10414,'d005'),(10415,'d005'),(10416,'d002'),(10417,'d007'),(10418,'d001'),(10419,'d008'),(10420,'d008'),(10421,'d009'),(10422,'d004'),(10422,'d006'),(10423,'d008'),(10424,'d005'),(10425,'d004'),(10426,'d005'),(10427,'d007'),(10428,'d003'),(10429,'d005'),(10430,'d004'),(10430,'d009'),(10431,'d007'),(10432,'d009'),(10433,'d006'),(10434,'d004'),(10435,'d005'),(10436,'d003'),(10437,'d006'),(10438,'d004'),(10439,'d005'),(10440,'d005'),(10440,'d008'),(10441,'d004'),(10442,'d007'),(10443,'d005'),(10444,'d007'),(10445,'d005'),(10446,'d005'),(10447,'d006'),(10448,'d007'),(10449,'d001'),(10449,'d007'),(10450,'d005'),(10451,'d004'),(10452,'d005'),(10453,'d009'),(10454,'d007'),(10455,'d007'),(10456,'d002'),(10457,'d006'),(10458,'d007'),(10459,'d002'),(10459,'d003'),(10460,'d005'),(10461,'d007'),(10462,'d004'),(10463,'d007'),(10464,'d003'),(10465,'d009'),(10466,'d009'),(10467,'d003'),(10468,'d007'),(10469,'d005'),(10469,'d008'),(10470,'d004'),(10471,'d006'),(10472,'d007'),(10473,'d004'),(10474,'d004'),(10475,'d004'),(10476,'d008'),(10477,'d005'),(10478,'d005'),(10478,'d009'),(10479,'d004'),(10480,'d002'),(10481,'d004'),(10482,'d005'),(10483,'d006'),(10484,'d003'),(10485,'d005'),(10486,'d006'),(10487,'d004'),(10488,'d005'),(10488,'d008'),(10489,'d005'),(10490,'d007'),(10491,'d001'),(10492,'d005'),(10493,'d007'),(10494,'d004'),(10495,'d004'),(10496,'d002'),(10497,'d004'),(10498,'d004'),(10499,'d001'),(10499,'d007'),(10500,'d005'),(10501,'d005'),(10502,'d006'),(10503,'d004'),(10504,'d007'),(10505,'d007'),(10506,'d005'),(10507,'d003'),(10508,'d004'),(10509,'d007'),(10510,'d007'),(10510,'d009'),(10511,'d004'),(10512,'d003'),(10513,'d002'),(10514,'d008'),(10515,'d007'),(10516,'d005'),(10517,'d007'),(10518,'d005'),(10519,'d005'),(10519,'d008'),(10520,'d004'),(10521,'d007'),(10522,'d003'),(10523,'d004'),(10524,'d004'),(10525,'d007'),(10526,'d004'),(10527,'d005'),(10528,'d005'),(10529,'d004'),(10529,'d005'),(10530,'d005'),(10531,'d003'),(10532,'d007'),(10533,'d007'),(10534,'d008'),(10535,'d009'),(10536,'d007'),(10537,'d007'),(10538,'d004'),(10538,'d005'),(10539,'d007'),(10540,'d004'),(10541,'d007'),(10542,'d005'),(10543,'d002'),(10544,'d008'),(10545,'d004'),(10546,'d008'),(10547,'d005'),(10548,'d001'),(10548,'d007'),(10549,'d005'),(10550,'d006'),(10551,'d006'),(10552,'d004'),(10553,'d005'),(10554,'d005'),(10555,'d007'),(10556,'d002'),(10557,'d005'),(10557,'d008'),(10558,'d004'),(10559,'d007'),(10560,'d005'),(10561,'d007'),(10562,'d005'),(10563,'d005'),(10564,'d004'),(10565,'d004'),(10566,'d005'),(10567,'d001'),(10567,'d007'),(10568,'d007'),(10569,'d008'),(10570,'d007'),(10571,'d005'),(10572,'d004'),(10573,'d007'),(10574,'d003'),(10575,'d004'),(10576,'d002'),(10577,'d004'),(10577,'d008'),(10578,'d005'),(10579,'d005'),(10580,'d009'),(10581,'d004'),(10582,'d005'),(10583,'d004'),(10584,'d005'),(10585,'d005'),(10585,'d008'),(10586,'d004'),(10587,'d005'),(10588,'d004'),(10589,'d002'),(10590,'d008'),(10591,'d001'),(10592,'d007'),(10593,'d004'),(10593,'d005'),(10594,'d005'),(10595,'d004'),(10596,'d007'),(10597,'d007'),(10598,'d004'),(10599,'d005'),(10600,'d007'),(10601,'d009'),(10602,'d001'),(10603,'d007'),(10604,'d004'),(10604,'d005'),(10605,'d006'),(10606,'d005'),(10607,'d005'),(10608,'d004'),(10609,'d005'),(10610,'d005'),(10611,'d005'),(10612,'d004'),(10613,'d003'),(10614,'d004'),(10614,'d009'),(10615,'d002'),(10616,'d007'),(10617,'d009'),(10618,'d004'),(10619,'d007'),(10620,'d005'),(10621,'d005'),(10622,'d004'),(10623,'d005'),(10623,'d008'),(10624,'d004'),(10625,'d005'),(10626,'d003'),(10627,'d003'),(10628,'d005'),(10629,'d007'),(10630,'d004'),(10631,'d005'),(10632,'d005'),(10633,'d007'),(10634,'d005'),(10634,'d008'),(10635,'d004'),(10636,'d003'),(10637,'d007'),(10638,'d007'),(10639,'d005'),(10640,'d007'),(10641,'d005'),(10642,'d005'),(10643,'d005'),(10644,'d002'),(10644,'d007'),(10645,'d004'),(10646,'d009'),(10647,'d004'),(10648,'d005'),(10649,'d009'),(10650,'d005'),(10651,'d008'),(10652,'d008'),(10653,'d005'),(10654,'d004'),(10655,'d002'),(10655,'d007'),(10656,'d004'),(10657,'d002'),(10658,'d001'),(10659,'d005'),(10660,'d005'),(10661,'d001'),(10662,'d004'),(10663,'d004'),(10663,'d005'),(10664,'d004'),(10665,'d005'),(10666,'d002'),(10667,'d009'),(10668,'d002'),(10669,'d009'),(10670,'d007'),(10671,'d003'),(10672,'d004'),(10673,'d005'),(10673,'d008'),(10674,'d005'),(10675,'d002'),(10676,'d005'),(10677,'d005'),(10678,'d005'),(10679,'d003'),(10680,'d005'),(10681,'d001'),(10681,'d007'),(10682,'d009'),(10683,'d004'),(10684,'d004'),(10685,'d002'),(10686,'d005'),(10687,'d008'),(10688,'d002'),(10689,'d003'),(10690,'d004'),(10690,'d005'),(10691,'d005'),(10692,'d007'),(10693,'d009'),(10694,'d001'),(10695,'d004'),(10696,'d005'),(10697,'d009'),(10698,'d005'),(10699,'d006'),(10700,'d005'),(10701,'d007'),(10701,'d009'),(10702,'d005'),(10703,'d004'),(10704,'d008'),(10705,'d007'),(10706,'d004'),(10707,'d005'),(10708,'d008'),(10709,'d005'),(10709,'d008'),(10710,'d007'),(10711,'d005'),(10712,'d005'),(10713,'d008'),(10714,'d005'),(10715,'d004'),(10716,'d005'),(10717,'d003'),(10718,'d005'),(10719,'d005'),(10720,'d004'),(10720,'d008'),(10721,'d009'),(10722,'d001'),(10723,'d004'),(10724,'d004'),(10725,'d007'),(10726,'d005'),(10727,'d002'),(10728,'d006'),(10729,'d004'),(10730,'d004'),(10730,'d005'),(10731,'d002'),(10732,'d004'),(10733,'d009'),(10734,'d004'),(10735,'d009'),(10736,'d006'),(10737,'d004'),(10738,'d005'),(10738,'d008'),(10739,'d005'),(10740,'d005'),(10741,'d001'),(10742,'d005'),(10743,'d002'),(10744,'d007'),(10745,'d004'),(10746,'d005'),(10747,'d004'),(10748,'d002'),(10748,'d003'),(10749,'d004'),(10750,'d005'),(10751,'d005'),(10752,'d006'),(10753,'d004'),(10754,'d007'),(10755,'d005'),(10756,'d004'),(10756,'d005'),(10757,'d005'),(10758,'d004'),(10759,'d004'),(10760,'d002'),(10761,'d002'),(10762,'d008'),(10763,'d004'),(10764,'d005'),(10765,'d001'),(10765,'d007'),(10766,'d003'),(10767,'d007'),(10768,'d004'),(10769,'d005'),(10770,'d007'),(10771,'d009'),(10772,'d005'),(10773,'d009'),(10774,'d004'),(10775,'d004'),(10775,'d009'),(10776,'d005'),(10777,'d004'),(10778,'d001'),(10779,'d009'),(10780,'d004'),(10781,'d009'),(10782,'d008'),(10783,'d003'),(10784,'d005'),(10785,'d006'),(10786,'d004'),(10786,'d006'),(10787,'d001'),(10788,'d007'),(10789,'d009'),(10790,'d004'),(10791,'d005'),(10792,'d005'),(10793,'d005'),(10794,'d008'),(10795,'d007'),(10796,'d006'),(10797,'d004'),(10797,'d005'),(10798,'d004'),(10799,'d005'),(10800,'d004'),(10801,'d004'),(10802,'d004'),(10803,'d006'),(10804,'d007'),(10805,'d008'),(10806,'d002'),(10806,'d003'),(10807,'d007'),(10808,'d005'),(10809,'d005'),(10810,'d007'),(10811,'d004'),(10812,'d004'),(10813,'d007'),(10814,'d007'),(10815,'d003'),(10816,'d009'),(10817,'d007'),(10817,'d009'),(10818,'d003'),(10819,'d004'),(10820,'d001'),(10821,'d005'),(10822,'d005'),(10823,'d003'),(10824,'d001'),(10825,'d004'),(10825,'d005'),(10826,'d005'),(10827,'d002'),(10828,'d007'),(10829,'d003'),(10830,'d001'),(10831,'d005'),(10832,'d007'),(10833,'d006'),(10834,'d004'),(10835,'d004'),(10836,'d007'),(10836,'d009'),(10837,'d007'),(10838,'d006'),(10839,'d004'),(10840,'d004'),(10841,'d009'),(10842,'d005'),(10843,'d005'),(10844,'d005'),(10845,'d005'),(10846,'d005'),(10846,'d008'),(10847,'d008'),(10848,'d004'),(10849,'d005'),(10850,'d002'),(10851,'d008'),(10852,'d004'),(10853,'d006'),(10854,'d005'),(10855,'d002'),(10855,'d007'),(10856,'d009'),(10857,'d007'),(10858,'d005'),(10859,'d001'),(10860,'d006'),(10861,'d005'),(10862,'d007'),(10863,'d004'),(10864,'d007'),(10865,'d007'),(10865,'d009'),(10866,'d002'),(10867,'d004'),(10868,'d004'),(10869,'d009'),(10870,'d004'),(10871,'d009'),(10872,'d002'),(10873,'d002'),(10874,'d004'),(10874,'d006'),(10875,'d006'),(10876,'d007'),(10877,'d001'),(10878,'d007'),(10879,'d005'),(10880,'d004'),(10881,'d004'),(10882,'d005'),(10883,'d004'),(10884,'d005'),(10885,'d001'),(10885,'d007'),(10886,'d005'),(10887,'d005'),(10888,'d005'),(10889,'d007'),(10890,'d007'),(10891,'d005'),(10892,'d003'),(10893,'d001'),(10894,'d004'),(10895,'d007'),(10895,'d009'),(10896,'d004'),(10897,'d007'),(10898,'d004'),(10899,'d001'),(10900,'d005'),(10901,'d002'),(10902,'d005'),(10903,'d009'),(10904,'d005'),(10905,'d004'),(10906,'d002'),(10906,'d007'),(10907,'d003'),(10908,'d003'),(10909,'d005'),(10910,'d009'),(10911,'d004'),(10912,'d002'),(10913,'d002'),(10914,'d007'),(10915,'d004'),(10916,'d004'),(10916,'d005'),(10917,'d005'),(10918,'d002'),(10919,'d001'),(10920,'d003'),(10921,'d004'),(10922,'d007'),(10923,'d007'),(10924,'d007'),(10925,'d004'),(10926,'d004'),(10926,'d009'),(10927,'d001'),(10928,'d001'),(10929,'d001'),(10930,'d004'),(10931,'d004'),(10932,'d005'),(10933,'d004'),(10934,'d002'),(10935,'d002'),(10936,'d003'),(10937,'d004'),(10937,'d005'),(10938,'d001'),(10939,'d006'),(10940,'d005'),(10941,'d001'),(10942,'d005'),(10943,'d005'),(10944,'d004'),(10945,'d004'),(10946,'d009'),(10947,'d009'),(10948,'d005'),(10948,'d008'),(10949,'d002'),(10950,'d004'),(10951,'d002'),(10952,'d005'),(10953,'d007'),(10954,'d009'),(10955,'d007'),(10956,'d004'),(10956,'d005'),(10957,'d007'),(10958,'d005'),(10959,'d007'),(10960,'d007'),(10961,'d005'),(10962,'d007'),(10963,'d005'),(10964,'d002'),(10965,'d007'),(10966,'d004'),(10966,'d008'),(10967,'d005'),(10968,'d007'),(10969,'d005'),(10970,'d004'),(10971,'d005'),(10972,'d005'),(10973,'d005'),(10974,'d005'),(10975,'d004'),(10975,'d009'),(10976,'d004'),(10977,'d007'),(10978,'d004'),(10979,'d004'),(10980,'d005'),(10981,'d007'),(10982,'d008'),(10983,'d004'),(10984,'d004'),(10985,'d005'),(10985,'d008'),(10986,'d005'),(10987,'d005'),(10988,'d005'),(10989,'d002'),(10990,'d005'),(10991,'d005'),(10992,'d005'),(10993,'d006'),(10994,'d004'),(10994,'d005'),(10995,'d001'),(10996,'d007'),(10997,'d004'),(10998,'d007'),(10999,'d005'),(11000,'d005'),(11001,'d005'),(11002,'d007'),(11003,'d005'),(11004,'d004'),(11004,'d006'),(11005,'d005'),(11006,'d002'),(11007,'d005'),(11008,'d007'),(11009,'d007'),(11010,'d002'),(11011,'d005'),(11012,'d001'),(11012,'d009'),(11013,'d005'),(11014,'d003'),(11015,'d007'),(11016,'d005'),(11017,'d005'),(11018,'d005'),(11019,'d005'),(11020,'d005'),(11021,'d008'),(11022,'d007'),(11022,'d009'),(11023,'d007'),(11024,'d007'),(11025,'d003'),(11026,'d004'),(11027,'d004'),(11028,'d004'),(11029,'d007'),(11030,'d007'),(11031,'d001'),(11032,'d005'),(11032,'d009'),(11033,'d005'),(11034,'d009'),(11035,'d001'),(11036,'d002'),(11037,'d004'),(11038,'d008'),(11039,'d008'),(11040,'d003'),(11041,'d004'),(11041,'d006'),(11042,'d005'),(11043,'d005'),(11044,'d007'),(11045,'d004'),(11046,'d002'),(11047,'d009'),(11048,'d007'),(11049,'d007'),(11050,'d001'),(11051,'d004'),(11052,'d004'),(11052,'d009'),(11053,'d004'),(11054,'d006'),(11055,'d007'),(11056,'d007'),(11057,'d007'),(11058,'d008'),(11059,'d005'),(11060,'d007'),(11061,'d002'),(11061,'d007'),(11062,'d004'),(11063,'d003'),(11064,'d004'),(11065,'d004'),(11066,'d002'),(11067,'d004'),(11068,'d008'),(11069,'d004'),(11070,'d006'),(11071,'d005'),(11072,'d004'),(11072,'d009'),(11073,'d005'),(11074,'d009'),(11075,'d004'),(11076,'d005'),(11077,'d009'),(11078,'d005'),(11079,'d005'),(11080,'d006'),(11081,'d002'),(11082,'d005'),(11083,'d002'),(11083,'d003'),(11084,'d004'),(11085,'d004'),(11086,'d007'),(11087,'d004'),(11088,'d005'),(11089,'d007'),(11090,'d004'),(11091,'d004'),(11092,'d001'),(11092,'d007'),(11093,'d005'),(11094,'d009'),(11095,'d009'),(11096,'d004'),(11097,'d007'),(11098,'d005'),(11099,'d007'),(11100,'d008'),(11101,'d005'),(11102,'d007'),(11102,'d009'),(11103,'d005'),(11104,'d005'),(11105,'d004'),(11106,'d005'),(11107,'d006'),(11108,'d003'),(11109,'d007'),(11110,'d004'),(11110,'d009'),(11111,'d004'),(11112,'d009'),(11113,'d001'),(11114,'d008'),(11115,'d004'),(11116,'d006'),(11117,'d004'),(11118,'d003'),(11119,'d004'),(11120,'d007'),(11120,'d009'),(11121,'d005'),(11122,'d002'),(11123,'d001'),(11124,'d007'),(11125,'d005'),(11126,'d008'),(11127,'d004'),(11128,'d004'),(11129,'d005'),(11129,'d008'),(11130,'d003'),(11131,'d004'),(11132,'d004'),(11133,'d006'),(11134,'d006'),(11135,'d009'),(11136,'d005'),(11137,'d005'),(11138,'d005'),(11138,'d008'),(11139,'d009'),(11140,'d005'),(11141,'d005'),(11142,'d005'),(11143,'d005'),(11144,'d007'),(11145,'d004'),(11146,'d007'),(11147,'d005'),(11148,'d002'),(11148,'d003'),(11149,'d007'),(11150,'d007'),(11151,'d005'),(11152,'d004'),(11153,'d002'),(11154,'d004'),(11155,'d007'),(11156,'d005'),(11156,'d008'),(11157,'d005'),(11158,'d004'),(11159,'d007'),(11160,'d005'),(11161,'d004'),(11162,'d005'),(11163,'d007'),(11164,'d002'),(11164,'d007'),(11165,'d004'),(11166,'d003'),(11167,'d004'),(11168,'d007'),(11169,'d005'),(11170,'d005'),(11171,'d003'),(11172,'d001'),(11172,'d007'),(11173,'d004'),(11174,'d004'),(11175,'d005'),(11176,'d004'),(11177,'d005'),(11178,'d001'),(11179,'d006'),(11180,'d005'),(11181,'d005'),(11182,'d004'),(11182,'d005'),(11183,'d005'),(11184,'d008'),(11185,'d009'),(11186,'d004'),(11187,'d005'),(11188,'d004'),(11189,'d007'),(11190,'d001'),(11190,'d007'),(11191,'d001'),(11192,'d006'),(11193,'d003'),(11194,'d005'),(11195,'d004'),(11196,'d005'),(11197,'d007'),(11198,'d007'),(11199,'d004'),(11199,'d005'),(11200,'d005'),(11201,'d008'),(11202,'d003'),(11203,'d002'),(11204,'d004'),(11205,'d007'),(11206,'d007'),(11207,'d005'),(11208,'d004'),(11209,'d004'),(11209,'d009'),(11210,'d003'),(11211,'d004'),(11212,'d007'),(11213,'d004'),(11214,'d007'),(11215,'d006'),(11216,'d004'),(11217,'d004'),(11218,'d006'),(11219,'d005'),(11219,'d008'),(11220,'d008'),(11221,'d005'),(11222,'d007'),(11223,'d005'),(11224,'d009'),(11225,'d004'),(11226,'d007'),(11227,'d003'),(11228,'d004'),(11229,'d004'),(11229,'d006'),(11230,'d005'),(11231,'d003'),(11232,'d009'),(11233,'d005'),(11234,'d004'),(11235,'d004'),(11236,'d004'),(11237,'d007'),(11238,'d005'),(11238,'d008'),(11239,'d007'),(11240,'d005'),(11241,'d007'),(11242,'d004'),(11243,'d004'),(11244,'d009'),(11245,'d004'),(11246,'d004'),(11246,'d005'),(11247,'d003'),(11248,'d007'),(11249,'d005'),(11250,'d004'),(11251,'d001'),(11252,'d005'),(11253,'d005'),(11254,'d007'),(11255,'d005'),(11256,'d007'),(11257,'d005'),(11257,'d008'),(11258,'d009'),(11259,'d007'),(11260,'d009'),(11261,'d004'),(11262,'d001'),(11263,'d004'),(11264,'d005'),(11265,'d009'),(11266,'d006'),(11267,'d005'),(11267,'d008'),(11268,'d004'),(11269,'d007'),(11270,'d008'),(11271,'d007'),(11272,'d007'),(11273,'d002'),(11274,'d009'),(11275,'d005'),(11276,'d008'),(11277,'d005'),(11277,'d008'),(11278,'d009'),(11279,'d003'),(11280,'d009'),(11281,'d008'),(11282,'d007'),(11283,'d002'),(11284,'d006'),(11285,'d002'),(11286,'d007'),(11287,'d001'),(11288,'d001'),(11288,'d007'),(11289,'d005'),(11290,'d005'),(11291,'d005'),(11292,'d005'),(11293,'d005'),(11294,'d005'),(11295,'d002'),(11296,'d004'),(11297,'d004'),(11298,'d004'),(11298,'d005'),(11299,'d004'),(11300,'d005'),(11301,'d003'),(11302,'d007'),(11303,'d005'),(11304,'d005'),(11305,'d009'),(11306,'d007'),(11307,'d007'),(11308,'d005'),(11308,'d009'),(11309,'d002'),(11310,'d007'),(11311,'d001'),(11312,'d004'),(11313,'d001'),(11314,'d009'),(11315,'d007'),(11316,'d005'),(11317,'d005'),(11317,'d008'),(11318,'d007'),(11319,'d005'),(11320,'d001'),(11321,'d006'),(11322,'d006'),(11323,'d005'),(11324,'d004'),(11325,'d005'),(11326,'d005'),(11327,'d004'),(11327,'d009'),(11328,'d007'),(11329,'d007'),(11330,'d004'),(11331,'d003'),(11332,'d005'),(11333,'d005'),(11334,'d007'),(11335,'d005'),(11335,'d009'),(11336,'d004'),(11337,'d003'),(11338,'d007'),(11339,'d004'),(11340,'d004'),(11341,'d005'),(11342,'d009'),(11343,'d005'),(11344,'d007'),(11344,'d009'),(11345,'d005'),(11346,'d002'),(11347,'d005'),(11348,'d003'),(11349,'d004'),(11350,'d005'),(11351,'d004'),(11352,'d004'),(11352,'d009'),(11353,'d007'),(11354,'d002'),(11355,'d004'),(11356,'d004'),(11357,'d001'),(11358,'d004'),(11359,'d007'),(11360,'d007'),(11361,'d004'),(11361,'d009'),(11362,'d004'),(11363,'d002'),(11364,'d005'),(11365,'d004'),(11366,'d005'),(11367,'d002'),(11368,'d005'),(11369,'d004'),(11369,'d006'),(11370,'d005'),(11371,'d005'),(11372,'d007'),(11373,'d009'),(11374,'d006'),(11375,'d001'),(11376,'d008'),(11377,'d007'),(11378,'d005'),(11378,'d008'),(11379,'d005'),(11380,'d005'),(11381,'d002'),(11382,'d005'),(11383,'d003'),(11384,'d009'),(11385,'d004'),(11386,'d006'),(11387,'d004'),(11388,'d004'),(11389,'d001'),(11389,'d007'),(11390,'d004'),(11391,'d004'),(11392,'d002'),(11393,'d004'),(11394,'d009'),(11395,'d008'),(11396,'d005'),(11397,'d005'),(11398,'d002'),(11399,'d009'),(11400,'d004'),(11400,'d006'),(11401,'d007'),(11402,'d007'),(11403,'d002'),(11404,'d005'),(11405,'d005'),(11406,'d008'),(11407,'d009'),(11408,'d008'),(11409,'d004'),(11409,'d009'),(11410,'d005'),(11411,'d009'),(11412,'d007'),(11413,'d008'),(11414,'d001'),(11415,'d004'),(11416,'d003'),(11417,'d006'),(11418,'d001'),(11418,'d003'),(11419,'d005'),(11420,'d003'),(11421,'d004'),(11422,'d002'),(11423,'d009'),(11424,'d009'),(11425,'d005'),(11426,'d002'),(11427,'d001'),(11427,'d007'),(11428,'d006'),(11429,'d007'),(11430,'d007'),(11431,'d003'),(11432,'d004'),(11433,'d005'),(11434,'d009'),(11435,'d001'),(11436,'d002'),(11436,'d003'),(11437,'d009'),(11438,'d005'),(11439,'d004'),(11440,'d005'),(11441,'d007'),(11442,'d006'),(11443,'d007'),(11444,'d004'),(11445,'d005'),(11446,'d005'),(11446,'d006'),(11447,'d004'),(11448,'d005'),(11449,'d004'),(11450,'d006'),(11451,'d004'),(11452,'d009'),(11453,'d004'),(11454,'d006'),(11455,'d005'),(11456,'d004'),(11456,'d005'),(11457,'d003'),(11458,'d008'),(11459,'d003'),(11460,'d004'),(11461,'d004'),(11462,'d004'),(11463,'d009'),(11464,'d004'),(11465,'d005'),(11465,'d008'),(11466,'d004'),(11467,'d003'),(11468,'d007'),(11469,'d004'),(11470,'d005'),(11471,'d004'),(11472,'d007'),(11473,'d005'),(11474,'d004'),(11474,'d006'),(11475,'d002'),(11476,'d001'),(11477,'d004'),(11478,'d007'),(11479,'d002'),(11480,'d007'),(11481,'d003'),(11482,'d007'),(11483,'d001'),(11483,'d007'),(11484,'d007'),(11485,'d004'),(11486,'d007'),(11487,'d004'),(11488,'d006'),(11489,'d001'),(11490,'d008'),(11491,'d005'),(11492,'d004'),(11493,'d007'),(11494,'d004'),(11494,'d009'),(11495,'d007'),(11496,'d004'),(11497,'d006'),(11498,'d004'),(11499,'d008'),(11500,'d005'),(11501,'d001'),(11502,'d005'),(11503,'d005'),(11504,'d006'),(11505,'d004'),(11505,'d006'),(11506,'d007'),(11507,'d004'),(11508,'d004'),(11509,'d005'),(11510,'d003'),(11511,'d004'),(11512,'d005'),(11513,'d002'),(11514,'d004'),(11515,'d007'),(11516,'d005'),(11516,'d008'),(11517,'d001'),(11518,'d003'),(11519,'d007'),(11520,'d001'),(11521,'d007'),(11522,'d001'),(11523,'d005'),(11524,'d005'),(11525,'d001'),(11525,'d009'),(11526,'d002'),(11527,'d001'),(11528,'d004'),(11529,'d004'),(11530,'d007'),(11531,'d004'),(11532,'d004'),(11533,'d005'),(11534,'d005'),(11534,'d009'),(11535,'d007'),(11536,'d004'),(11537,'d007'),(11538,'d004'),(11539,'d001'),(11540,'d004'),(11541,'d009'),(11542,'d003'),(11543,'d004'),(11544,'d002'),(11544,'d003'),(11545,'d006'),(11546,'d007'),(11547,'d007'),(11548,'d005'),(11549,'d004'),(11550,'d004'),(11551,'d005'),(11552,'d007'),(11553,'d002'),(11554,'d001'),(11554,'d003'),(11555,'d003'),(11556,'d007'),(11557,'d007'),(11558,'d004'),(11559,'d006'),(11560,'d008'),(11561,'d009'),(11562,'d004'),(11563,'d009'),(11564,'d004'),(11564,'d008'),(11565,'d005'),(11566,'d004'),(11567,'d007'),(11568,'d005'),(11569,'d005'),(11570,'d001'),(11571,'d004'),(11572,'d004'),(11572,'d009'),(11573,'d005'),(11574,'d006'),(11575,'d005'),(11576,'d001'),(11577,'d006'),(11578,'d004'),(11579,'d007'),(11580,'d004'),(11581,'d005'),(11582,'d004'),(11582,'d008'),(11583,'d004'),(11584,'d005'),(11585,'d005'),(11586,'d007'),(11587,'d005'),(11588,'d003'),(11589,'d005'),(11590,'d005'),(11591,'d004'),(11591,'d008'),(11592,'d005'),(11593,'d006'),(11594,'d007'),(11595,'d001'),(11596,'d002'),(11597,'d005'),(11598,'d005'),(11599,'d004'),(11600,'d004'),(11601,'d007'),(11601,'d009'),(11602,'d001'),(11603,'d002'),(11604,'d005'),(11605,'d004'),(11606,'d009'),(11607,'d004'),(11608,'d004'),(11609,'d001'),(11609,'d007'),(11610,'d004'),(11611,'d007'),(11612,'d005'),(11613,'d005'),(11614,'d004'),(11615,'d007'),(11616,'d004'),(11617,'d008'),(11618,'d001'),(11618,'d007'),(11619,'d007'),(11620,'d005'),(11621,'d007'),(11622,'d006'),(11623,'d004'),(11624,'d004'),(11625,'d005'),(11626,'d004'),(11627,'d004'),(11628,'d005'),(11628,'d008'),(11629,'d008'),(11630,'d008'),(11631,'d008'),(11632,'d007'),(11633,'d005'),(11634,'d005'),(11635,'d005'),(11636,'d005'),(11637,'d005'),(11638,'d004'),(11638,'d006'),(11639,'d005'),(11640,'d005'),(11641,'d005'),(11642,'d005'),(11643,'d001'),(11644,'d004'),(11645,'d004'),(11646,'d005'),(11647,'d005'),(11648,'d009'),(11649,'d005'),(11649,'d008'),(11650,'d009'),(11651,'d004'),(11652,'d004'),(11653,'d005'),(11654,'d006'),(11655,'d005'),(11656,'d001'),(11657,'d004'),(11658,'d005'),(11659,'d007'),(11659,'d009'),(11660,'d007'),(11661,'d004'),(11662,'d007'),(11663,'d007'),(11664,'d007'),(11665,'d006'),(11666,'d007'),(11667,'d001'),(11668,'d007'),(11669,'d004'),(11669,'d009'),(11670,'d003'),(11671,'d007'),(11672,'d007'),(11673,'d004'),(11674,'d008'),(11675,'d006'),(11676,'d004'),(11677,'d002'),(11678,'d004'),(11678,'d006'),(11679,'d005'),(11680,'d007'),(11681,'d004'),(11682,'d003'),(11683,'d004'),(11684,'d001'),(11685,'d004'),(11686,'d004'),(11686,'d009'),(11687,'d004'),(11688,'d007'),(11689,'d002'),(11690,'d003'),(11691,'d004'),(11692,'d004'),(11693,'d005'),(11694,'d003'),(11695,'d004'),(11695,'d009'),(11696,'d007'),(11697,'d005'),(11698,'d007'),(11699,'d004'),(11700,'d008'),(11701,'d004'),(11702,'d005'),(11703,'d009'),(11704,'d004'),(11705,'d002'),(11705,'d003'),(11706,'d007'),(11707,'d005'),(11708,'d007'),(11709,'d004'),(11710,'d002'),(11711,'d005'),(11712,'d009'),(11713,'d004'),(11713,'d006'),(11714,'d009'),(11715,'d007'),(11716,'d005'),(11717,'d007'),(11718,'d007'),(11719,'d005'),(11720,'d007'),(11721,'d005'),(11722,'d004'),(11723,'d007'),(11723,'d009'),(11724,'d004'),(11725,'d004'),(11726,'d001'),(11727,'d001'),(11728,'d007'),(11729,'d007'),(11730,'d007'),(11731,'d009'),(11732,'d004'),(11732,'d009'),(11733,'d005'),(11734,'d003'),(11735,'d009'),(11736,'d004'),(11737,'d006'),(11738,'d004'),(11739,'d006'),(11740,'d001'),(11740,'d007'),(11741,'d002'),(11742,'d008'),(11743,'d005'),(11744,'d001'),(11745,'d008'),(11746,'d007'),(11747,'d007'),(11748,'d005'),(11749,'d005'),(11750,'d004'),(11750,'d009'),(11751,'d008'),(11752,'d001'),(11753,'d007'),(11754,'d008'),(11755,'d009'),(11756,'d005'),(11757,'d005'),(11758,'d005'),(11759,'d004'),(11759,'d006'),(11760,'d004'),(11761,'d002'),(11762,'d004'),(11763,'d005'),(11764,'d004'),(11765,'d003'),(11766,'d005'),(11767,'d005'),(11768,'d004'),(11769,'d005'),(11769,'d008'),(11770,'d005'),(11771,'d009'),(11772,'d005'),(11773,'d007'),(11774,'d004'),(11775,'d005'),(11776,'d001'),(11777,'d003'),(11778,'d004'),(11779,'d008'),(11780,'d004'),(11780,'d005'),(11781,'d007'),(11782,'d004'),(11783,'d006'),(11784,'d004'),(11785,'d007'),(11786,'d001'),(11787,'d004'),(11788,'d004'),(11788,'d009'),(11789,'d008'),(11790,'d005'),(11791,'d005'),(11792,'d005'),(11793,'d004'),(11794,'d005'),(11795,'d005'),(11796,'d002'),(11797,'d001'),(11797,'d007'),(11798,'d002'),(11799,'d005'),(11800,'d005'),(11801,'d007'),(11802,'d005'),(11803,'d004'),(11804,'d005'),(11805,'d005'),(11806,'d005'),(11807,'d004'),(11807,'d009'),(11808,'d005'),(11809,'d005'),(11810,'d005'),(11811,'d007'),(11812,'d002'),(11813,'d007'),(11814,'d003'),(11815,'d004'),(11815,'d009'),(11816,'d002'),(11817,'d007'),(11818,'d005'),(11819,'d006'),(11820,'d005'),(11821,'d004'),(11822,'d009'),(11823,'d005'),(11823,'d008'),(11824,'d005'),(11825,'d006'),(11826,'d004'),(11827,'d008'),(11828,'d007'),(11829,'d004'),(11830,'d007'),(11831,'d004'),(11831,'d009'),(11832,'d005'),(11833,'d001'),(11834,'d005'),(11835,'d004'),(11836,'d008'),(11837,'d005'),(11838,'d007'),(11839,'d004'),(11840,'d007'),(11841,'d001'),(11841,'d009'),(11842,'d008'),(11843,'d006'),(11844,'d005'),(11845,'d004'),(11846,'d004'),(11847,'d004'),(11848,'d004'),(11849,'d007'),(11850,'d007'),(11851,'d009'),(11852,'d001'),(11852,'d007'),(11853,'d001'),(11854,'d006'),(11855,'d004'),(11856,'d004'),(11857,'d007'),(11858,'d002'),(11859,'d007'),(11860,'d004'),(11861,'d005'),(11862,'d004'),(11862,'d006'),(11863,'d005'),(11864,'d009'),(11865,'d009'),(11866,'d006'),(11867,'d004'),(11868,'d006'),(11869,'d004'),(11870,'d004'),(11871,'d005'),(11872,'d001'),(11873,'d001'),(11873,'d007'),(11874,'d007'),(11875,'d004'),(11876,'d005'),(11877,'d009'),(11878,'d004'),(11879,'d009'),(11880,'d007'),(11881,'d007'),(11882,'d001'),(11882,'d007'),(11883,'d006'),(11884,'d007'),(11885,'d005'),(11886,'d004'),(11887,'d005'),(11888,'d001'),(11889,'d005'),(11890,'d007'),(11891,'d005'),(11892,'d007'),(11893,'d004'),(11893,'d005'),(11894,'d005'),(11895,'d005'),(11896,'d004'),(11897,'d007'),(11898,'d004'),(11899,'d004'),(11900,'d004'),(11901,'d001'),(11902,'d004'),(11903,'d004'),(11904,'d001'),(11904,'d007'),(11905,'d003'),(11906,'d005'),(11907,'d003'),(11908,'d007'),(11909,'d009'),(11910,'d005'),(11911,'d005'),(11912,'d004'),(11912,'d005'),(11913,'d005'),(11914,'d006'),(11915,'d004'),(11916,'d002'),(11917,'d004'),(11918,'d003'),(11919,'d004'),(11920,'d005'),(11920,'d008'),(11921,'d004'),(11922,'d006'),(11923,'d002'),(11924,'d004'),(11925,'d001'),(11926,'d004'),(11927,'d007'),(11928,'d004'),(11928,'d005'),(11929,'d005'),(11930,'d004'),(11931,'d008'),(11932,'d004'),(11933,'d005'),(11934,'d005'),(11935,'d001'),(11936,'d007'),(11937,'d002'),(11938,'d004'),(11938,'d009'),(11939,'d004'),(11940,'d005'),(11941,'d007'),(11942,'d004'),(11943,'d005'),(11944,'d006'),(11945,'d003'),(11946,'d007'),(11947,'d007'),(11948,'d004'),(11948,'d009'),(11949,'d004'),(11950,'d005'),(11951,'d005'),(11952,'d004'),(11953,'d001'),(11954,'d005'),(11955,'d005'),(11956,'d002'),(11957,'d005'),(11957,'d006'),(11958,'d002'),(11959,'d005'),(11960,'d008'),(11961,'d007'),(11962,'d007'),(11963,'d004'),(11964,'d007'),(11965,'d004'),(11966,'d007'),(11967,'d002'),(11967,'d003'),(11968,'d005'),(11969,'d007'),(11970,'d005'),(11971,'d004'),(11972,'d001'),(11973,'d009'),(11974,'d002'),(11975,'d005'),(11976,'d004'),(11977,'d004'),(11977,'d009'),(11978,'d005'),(11979,'d003'),(11980,'d007'),(11981,'d005'),(11982,'d004'),(11983,'d005'),(11984,'d005'),(11985,'d004'),(11986,'d009'),(11987,'d004'),(11987,'d009'),(11988,'d005'),(11989,'d004'),(11990,'d005'),(11991,'d008'),(11992,'d004'),(11993,'d003'),(11994,'d001'),(11995,'d002'),(11996,'d005'),(11997,'d003'),(11998,'d004'),(11998,'d005'),(11999,'d004'),(12000,'d004'),(12001,'d002'),(12002,'d008'),(12003,'d001'),(12004,'d005'),(12005,'d004'),(12006,'d005'),(12007,'d005'),(12008,'d004'),(12008,'d006'),(12009,'d005'),(12010,'d004'),(12011,'d007'),(12012,'d007'),(12013,'d007'),(12014,'d006'),(12015,'d008'),(12016,'d005'),(12017,'d004'),(12018,'d004'),(12018,'d005'),(12019,'d008'),(12020,'d002'),(12021,'d004'),(12022,'d008'),(12023,'d006'),(12024,'d003'),(12025,'d001'),(12026,'d007'),(12027,'d005'),(12027,'d008'),(12028,'d005'),(12029,'d004'),(12030,'d003'),(12031,'d006'),(12032,'d005'),(12033,'d005'),(12034,'d007'),(12035,'d009'),(12036,'d001'),(12036,'d007'),(12037,'d009'),(12038,'d005'),(12039,'d009'),(12040,'d001'),(12041,'d006'),(12042,'d005'),(12043,'d008'),(12044,'d004'),(12045,'d005'),(12046,'d001'),(12046,'d007'),(12047,'d006'),(12048,'d004'),(12049,'d004'),(12050,'d004'),(12051,'d004'),(12052,'d005'),(12053,'d004'),(12054,'d007'),(12055,'d002'),(12056,'d005'),(12056,'d008'),(12057,'d001'),(12058,'d005'),(12059,'d004'),(12060,'d006'),(12061,'d001'),(12062,'d003'),(12063,'d004'),(12064,'d004'),(12065,'d004'),(12066,'d002'),(12067,'d007'),(12067,'d009'),(12068,'d004'),(12069,'d005'),(12070,'d005'),(12071,'d005'),(12072,'d006'),(12073,'d004'),(12074,'d005'),(12075,'d005'),(12076,'d007'),(12077,'d004'),(12077,'d005'),(12078,'d004'),(12079,'d008'),(12080,'d007'),(12081,'d001'),(12082,'d007'),(12083,'d002'),(12084,'d005'),(12085,'d009'),(12086,'d005'),(12087,'d005'),(12088,'d002'),(12088,'d003'),(12089,'d003'),(12090,'d004'),(12091,'d006'),(12092,'d008'),(12093,'d005'),(12094,'d009'),(12095,'d004'),(12096,'d002'),(12097,'d007'),(12098,'d001'),(12098,'d007'),(12099,'d007'),(12100,'d007'),(12101,'d005'),(12102,'d007'),(12103,'d009'),(12104,'d004'),(12105,'d008'),(12106,'d004'),(12106,'d008'),(12107,'d005'),(12108,'d005'),(12109,'d005'),(12110,'d004'),(12111,'d008'),(12112,'d002'),(12113,'d007'),(12114,'d008'),(12115,'d005'),(12116,'d005'),(12117,'d005'),(12117,'d006'),(12118,'d001'),(12119,'d007'),(12120,'d002'),(12121,'d006'),(12122,'d004'),(12123,'d008'),(12124,'d008'),(12125,'d004'),(12125,'d005'),(12126,'d004'),(12127,'d001'),(12128,'d007'),(12129,'d007'),(12130,'d001'),(12131,'d004'),(12132,'d004'),(12133,'d001'),(12134,'d004'),(12134,'d009'),(12135,'d009'),(12136,'d006'),(12137,'d004'),(12138,'d004'),(12139,'d004'),(12140,'d003'),(12141,'d002'),(12142,'d006'),(12143,'d004'),(12143,'d006'),(12144,'d008'),(12145,'d009'),(12146,'d007'),(12147,'d004'),(12148,'d004'),(12149,'d007'),(12150,'d004'),(12151,'d001'),(12152,'d001'),(12152,'d009'),(12153,'d004'),(12154,'d004'),(12155,'d004'),(12156,'d008'),(12157,'d003'),(12158,'d004'),(12159,'d005'),(12160,'d007'),(12161,'d003'),(12162,'d004'),(12162,'d006'),(12163,'d005'),(12164,'d005'),(12165,'d005'),(12166,'d006'),(12167,'d009'),(12168,'d009'),(12169,'d003'),(12170,'d001'),(12170,'d003'),(12171,'d001'),(12172,'d003'),(12173,'d004'),(12174,'d005'),(12175,'d001'),(12176,'d005'),(12177,'d005'),(12178,'d001'),(12178,'d007'),(12179,'d005'),(12180,'d005'),(12181,'d001'),(12182,'d002'),(12183,'d006'),(12184,'d007'),(12185,'d004'),(12186,'d009'),(12187,'d001'),(12188,'d004'),(12188,'d009'),(12189,'d007'),(12190,'d005'),(12191,'d004'),(12192,'d006'),(12193,'d003'),(12194,'d005'),(12195,'d005'),(12196,'d004'),(12197,'d004'),(12197,'d006'),(12198,'d005'),(12199,'d007'),(12200,'d004'),(12201,'d004'),(12202,'d009'),(12203,'d004'),(12204,'d003'),(12205,'d005'),(12206,'d005'),(12207,'d009'),(12208,'d005'),(12208,'d008'),(12209,'d002'),(12210,'d008'),(12211,'d003'),(12212,'d004'),(12213,'d007'),(12214,'d001'),(12215,'d005'),(12216,'d006'),(12217,'d002'),(12217,'d003'),(12218,'d006'),(12219,'d008'),(12220,'d002'),(12221,'d005'),(12222,'d002'),(12223,'d004'),(12224,'d007'),(12225,'d007'),(12226,'d005'),(12226,'d008'),(12227,'d009'),(12228,'d005'),(12229,'d007'),(12230,'d005'),(12231,'d004'),(12232,'d007'),(12233,'d005'),(12234,'d007'),(12235,'d007'),(12236,'d004'),(12236,'d005'),(12237,'d007'),(12238,'d005'),(12239,'d008'),(12240,'d004'),(12241,'d009'),(12242,'d005'),(12243,'d005'),(12244,'d005'),(12244,'d009'),(12245,'d004'),(12246,'d003'),(12247,'d005'),(12248,'d009'),(12249,'d005'),(12250,'d005'),(12251,'d006'),(12252,'d004'),(12252,'d009'),(12253,'d007'),(12254,'d004'),(12255,'d002'),(12256,'d003'),(12257,'d004'),(12258,'d005'),(12259,'d007'),(12260,'d004'),(12260,'d005'),(12261,'d007'),(12262,'d004'),(12263,'d004'),(12264,'d005'),(12265,'d005'),(12266,'d005'),(12267,'d004'),(12268,'d004'),(12269,'d004'),(12269,'d006'),(12270,'d008'),(12271,'d003'),(12272,'d003'),(12273,'d007'),(12274,'d005'),(12275,'d004'),(12276,'d005'),(12277,'d004'),(12278,'d003'),(12279,'d005'),(12279,'d008'),(12280,'d005'),(12281,'d005'),(12282,'d005'),(12283,'d008'),(12284,'d007'),(12285,'d004'),(12286,'d002'),(12287,'d005'),(12288,'d001'),(12289,'d004'),(12290,'d002'),(12290,'d007'),(12291,'d007'),(12292,'d004'),(12293,'d004'),(12294,'d007'),(12295,'d007'),(12296,'d007'),(12297,'d007'),(12298,'d005'),(12298,'d008'),(12299,'d005'),(12300,'d004'),(12301,'d007'),(12302,'d008'),(12303,'d008'),(12304,'d009'),(12305,'d004'),(12306,'d007'),(12307,'d005'),(12308,'d002'),(12308,'d003'),(12309,'d004'),(12310,'d005'),(12311,'d005'),(12312,'d004'),(12313,'d004'),(12314,'d008'),(12315,'d003'),(12316,'d004'),(12317,'d004'),(12317,'d009'),(12318,'d007'),(12319,'d008'),(12320,'d005'),(12321,'d007'),(12322,'d005'),(12323,'d002'),(12324,'d005'),(12325,'d007'),(12325,'d009'),(12326,'d006'),(12327,'d005'),(12328,'d003'),(12329,'d006'),(12330,'d007'),(12331,'d001'),(12332,'d004'),(12333,'d005'),(12334,'d004'),(12334,'d005'),(12335,'d003'),(12336,'d008'),(12337,'d005'),(12338,'d002'),(12339,'d008'),(12340,'d005'),(12341,'d005'),(12342,'d006'),(12343,'d004'),(12343,'d009'),(12344,'d005'),(12345,'d004'),(12346,'d003'),(12347,'d001'),(12348,'d004'),(12349,'d007'),(12350,'d006'),(12351,'d004'),(12351,'d005'),(12352,'d005'),(12353,'d005'),(12354,'d003'),(12355,'d004'),(12356,'d008'),(12357,'d005'),(12358,'d007'),(12359,'d006'),(12360,'d004'),(12361,'d005'),(12361,'d008'),(12362,'d005'),(12363,'d002'),(12364,'d004'),(12365,'d004'),(12366,'d009'),(12367,'d006'),(12368,'d001'),(12369,'d005'),(12370,'d006'),(12371,'d004'),(12371,'d009'),(12372,'d008'),(12373,'d007'),(12374,'d001'),(12375,'d006'),(12376,'d004'),(12377,'d008'),(12378,'d009'),(12379,'d005'),(12380,'d001'),(12380,'d003'),(12381,'d008'),(12382,'d001'),(12383,'d004'),(12384,'d005'),(12385,'d006'),(12386,'d005'),(12387,'d004'),(12388,'d004'),(12388,'d005'),(12389,'d002'),(12390,'d007'),(12391,'d004'),(12392,'d004'),(12393,'d007'),(12394,'d006'),(12395,'d002'),(12396,'d004'),(12397,'d004'),(12398,'d007'),(12398,'d009'),(12399,'d007'),(12400,'d007'),(12401,'d005'),(12402,'d003'),(12403,'d004'),(12404,'d004'),(12405,'d005'),(12406,'d005'),(12407,'d004'),(12408,'d005'),(12409,'d005'),(12409,'d008'),(12410,'d005'),(12411,'d007'),(12412,'d007'),(12413,'d004'),(12414,'d007'),(12415,'d007'),(12416,'d002'),(12417,'d004'),(12418,'d001'),(12419,'d004'),(12420,'d004'),(12420,'d009'),(12421,'d005'),(12422,'d003'),(12423,'d002'),(12424,'d005'),(12425,'d006'),(12426,'d006'),(12427,'d008'),(12428,'d004'),(12429,'d005'),(12430,'d001'),(12430,'d007'),(12431,'d004'),(12432,'d004'),(12433,'d004'),(12434,'d004'),(12435,'d007'),(12436,'d005'),(12437,'d005'),(12438,'d007'),(12438,'d009'),(12439,'d009'),(12440,'d005'),(12441,'d005'),(12442,'d005'),(12443,'d004'),(12444,'d008'),(12445,'d004'),(12446,'d009'),(12447,'d005'),(12448,'d007'),(12448,'d009'),(12449,'d003'),(12450,'d005'),(12451,'d005'),(12452,'d004'),(12453,'d004'),(12454,'d007'),(12455,'d005'),(12456,'d005'),(12457,'d007'),(12458,'d002'),(12458,'d003'),(12459,'d006'),(12460,'d007'),(12461,'d005'),(12462,'d001'),(12463,'d005'),(12464,'d007'),(12465,'d002'),(12466,'d002'),(12467,'d004'),(12467,'d005'),(12468,'d003'),(12469,'d005'),(12470,'d004'),(12471,'d001'),(12472,'d005'),(12473,'d001'),(12474,'d006'),(12475,'d005'),(12476,'d005'),(12477,'d004'),(12478,'d001'),(12478,'d007'),(12479,'d005'),(12480,'d002'),(12481,'d005'),(12482,'d004'),(12483,'d004'),(12484,'d005'),(12485,'d004'),(12486,'d006'),(12487,'d002'),(12487,'d003'),(12488,'d005'),(12489,'d005'),(12490,'d005'),(12491,'d007'),(12492,'d004'),(12493,'d005'),(12494,'d001'),(12495,'d001'),(12496,'d004'),(12496,'d009'),(12497,'d007'),(12498,'d005'),(12499,'d007'),(12500,'d004'),(12501,'d002'),(12502,'d004'),(12503,'d005'),(12504,'d004'),(12505,'d001'),(12505,'d007'),(12506,'d004'),(12507,'d005'),(12508,'d008'),(12509,'d009'),(12510,'d004'),(12511,'d004'),(12512,'d005'),(12513,'d007'),(12514,'d005'),(12515,'d004'),(12516,'d004'),(12516,'d006'),(12517,'d005'),(12518,'d005'),(12519,'d004'),(12520,'d004'),(12521,'d007'),(12522,'d004'),(12523,'d007'),(12524,'d005'),(12525,'d009'),(12526,'d002'),(12527,'d004'),(12527,'d009'),(12528,'d009'),(12529,'d009'),(12530,'d005'),(12531,'d004'),(12532,'d004'),(12533,'d003'),(12534,'d004'),(12535,'d005'),(12536,'d001'),(12537,'d001'),(12537,'d007'),(12538,'d005'),(12539,'d004'),(12540,'d003'),(12541,'d007'),(12542,'d003'),(12543,'d006'),(12544,'d004'),(12545,'d006'),(12546,'d001'),(12547,'d002'),(12547,'d003'),(12548,'d005'),(12549,'d003'),(12550,'d004'),(12551,'d004'),(12552,'d007'),(12553,'d003'),(12554,'d004'),(12555,'d005'),(12556,'d005'),(12557,'d004'),(12557,'d006'),(12558,'d006'),(12559,'d004'),(12560,'d007'),(12561,'d008'),(12562,'d001'),(12563,'d005'),(12564,'d002'),(12565,'d007'),(12566,'d003'),(12567,'d002'),(12567,'d007'),(12568,'d005'),(12569,'d005'),(12570,'d004'),(12571,'d004'),(12572,'d005'),(12573,'d004'),(12574,'d005'),(12575,'d007'),(12576,'d005'),(12577,'d004'),(12577,'d009'),(12578,'d009'),(12579,'d004'),(12580,'d004'),(12581,'d005'),(12582,'d007'),(12583,'d008'),(12584,'d006'),(12585,'d004'),(12586,'d006'),(12587,'d002'),(12587,'d003'),(12588,'d005'),(12589,'d005'),(12590,'d007'),(12591,'d007'),(12592,'d004'),(12593,'d007'),(12594,'d004'),(12595,'d007'),(12596,'d003'),(12597,'d009'),(12598,'d002'),(12598,'d007'),(12599,'d005'),(12600,'d005'),(12601,'d005'),(12602,'d006'),(12603,'d003'),(12604,'d002'),(12605,'d007'),(12606,'d001'),(12606,'d003'),(12607,'d005'),(12608,'d003'),(12609,'d005'),(12610,'d004'),(12611,'d002'),(12612,'d007'),(12613,'d005'),(12614,'d001'),(12615,'d005'),(12616,'d005'),(12616,'d008'),(12617,'d007'),(12618,'d001'),(12619,'d004'),(12620,'d007'),(12621,'d003'),(12622,'d007'),(12623,'d001'),(12624,'d007'),(12625,'d007'),(12626,'d004'),(12627,'d002'),(12627,'d003'),(12628,'d002'),(12629,'d007'),(12630,'d009'),(12631,'d004'),(12632,'d005'),(12633,'d004'),(12634,'d003'),(12635,'d004'),(12635,'d009'),(12636,'d009'),(12637,'d003'),(12638,'d005'),(12639,'d004'),(12640,'d007'),(12641,'d004'),(12642,'d001'),(12643,'d002'),(12644,'d004'),(12645,'d007'),(12646,'d004'),(12646,'d005'),(12647,'d008'),(12648,'d005'),(12649,'d003'),(12650,'d005'),(12651,'d007'),(12652,'d005'),(12653,'d006'),(12654,'d005'),(12655,'d004'),(12656,'d007'),(12656,'d009'),(12657,'d006'),(12658,'d007'),(12659,'d003'),(12660,'d007'),(12661,'d005'),(12662,'d005'),(12663,'d005'),(12664,'d007'),(12664,'d009'),(12665,'d002'),(12666,'d004'),(12667,'d004'),(12668,'d002'),(12669,'d002'),(12670,'d004'),(12671,'d004'),(12672,'d006'),(12673,'d001'),(12673,'d007'),(12674,'d002'),(12675,'d007'),(12676,'d004'),(12677,'d001'),(12678,'d005'),(12679,'d005'),(12680,'d001'),(12681,'d007'),(12682,'d005'),(12683,'d004'),(12683,'d009'),(12684,'d002'),(12685,'d007'),(12686,'d003'),(12687,'d007'),(12688,'d009'),(12689,'d005'),(12690,'d007'),(12691,'d004'),(12692,'d005'),(12693,'d005'),(12693,'d008'),(12694,'d004'),(12695,'d004'),(12696,'d004'),(12697,'d003'),(12698,'d007'),(12699,'d007'),(12700,'d006'),(12701,'d005'),(12702,'d002'),(12702,'d003'),(12703,'d007'),(12704,'d007'),(12705,'d007'),(12706,'d009'),(12707,'d007'),(12708,'d007'),(12709,'d005'),(12710,'d005'),(12711,'d008'),(12712,'d004'),(12712,'d006'),(12713,'d005'),(12714,'d004'),(12715,'d002'),(12716,'d007'),(12717,'d008'),(12718,'d004'),(12719,'d005'),(12720,'d007'),(12721,'d004'),(12721,'d006'),(12722,'d002'),(12723,'d004'),(12724,'d007'),(12725,'d003'),(12726,'d005'),(12727,'d005'),(12728,'d005'),(12729,'d004'),(12729,'d009'),(12730,'d005'),(12731,'d003'),(12732,'d007'),(12733,'d005'),(12734,'d005'),(12735,'d002'),(12736,'d005'),(12737,'d004'),(12738,'d004'),(12739,'d002'),(12739,'d003'),(12740,'d008'),(12741,'d001'),(12742,'d007'),(12743,'d005'),(12744,'d005'),(12745,'d009'),(12746,'d004'),(12747,'d004'),(12747,'d006'),(12748,'d006'),(12749,'d006'),(12750,'d005'),(12751,'d004'),(12752,'d005'),(12753,'d004'),(12754,'d006'),(12755,'d003'),(12756,'d007'),(12757,'d004'),(12757,'d009'),(12758,'d002'),(12759,'d007'),(12760,'d004'),(12761,'d007'),(12762,'d005'),(12763,'d003'),(12764,'d005'),(12765,'d004'),(12765,'d005'),(12766,'d007'),(12767,'d006'),(12768,'d005'),(12769,'d004'),(12770,'d007'),(12771,'d009'),(12772,'d003'),(12773,'d005'),(12774,'d005'),(12775,'d004'),(12775,'d009'),(12776,'d004'),(12777,'d007'),(12778,'d003'),(12779,'d004'),(12780,'d004'),(12781,'d007'),(12782,'d003'),(12783,'d005'),(12784,'d005'),(12785,'d004'),(12785,'d009'),(12786,'d004'),(12787,'d004'),(12788,'d005'),(12789,'d005'),(12790,'d007'),(12791,'d004'),(12792,'d009'),(12793,'d004'),(12794,'d005'),(12794,'d008'),(12795,'d002'),(12796,'d004'),(12797,'d005'),(12798,'d007'),(12799,'d003'),(12800,'d007'),(12801,'d005'),(12802,'d004'),(12803,'d001'),(12803,'d007'),(12804,'d008'),(12805,'d007'),(12806,'d009'),(12807,'d006'),(12808,'d005'),(12809,'d001'),(12810,'d005'),(12811,'d005'),(12812,'d004'),(12812,'d005'),(12813,'d005'),(12814,'d004'),(12815,'d008'),(12816,'d004'),(12817,'d005'),(12818,'d007'),(12819,'d004'),(12820,'d009'),(12821,'d005'),(12821,'d008'),(12822,'d001'),(12823,'d005'),(12824,'d004'),(12825,'d004'),(12826,'d007'),(12827,'d008'),(12828,'d002'),(12829,'d004'),(12829,'d009'),(12830,'d005'),(12831,'d004'),(12832,'d002'),(12833,'d005'),(12834,'d007'),(12835,'d004'),(12836,'d006'),(12837,'d003'),(12838,'d003'),(12839,'d005'),(12839,'d008'),(12840,'d005'),(12841,'d009'),(12842,'d005'),(12843,'d005'),(12844,'d001'),(12845,'d007'),(12846,'d009'),(12847,'d004'),(12848,'d005'),(12849,'d005'),(12849,'d006'),(12850,'d001'),(12851,'d002'),(12852,'d004'),(12853,'d009'),(12854,'d003'),(12855,'d003'),(12856,'d005'),(12857,'d005'),(12858,'d007'),(12859,'d003'),(12860,'d004'),(12860,'d009'),(12861,'d002'),(12862,'d007'),(12863,'d004'),(12864,'d004'),(12865,'d008'),(12866,'d004'),(12867,'d005'),(12868,'d004'),(12868,'d006'),(12869,'d008'),(12870,'d007'),(12871,'d009'),(12872,'d007'),(12873,'d007'),(12874,'d003'),(12875,'d007'),(12876,'d005'),(12877,'d005'),(12877,'d009'),(12878,'d006'),(12879,'d005'),(12880,'d007'),(12881,'d007'),(12882,'d004'),(12883,'d008'),(12884,'d005'),(12885,'d005'),(12885,'d008'),(12886,'d007'),(12887,'d005'),(12888,'d008'),(12889,'d005'),(12890,'d007'),(12891,'d008'),(12892,'d004'),(12893,'d007'),(12894,'d007'),(12894,'d009'),(12895,'d004'),(12896,'d004'),(12897,'d004'),(12898,'d003'),(12899,'d003'),(12900,'d004'),(12901,'d003'),(12902,'d007'),(12903,'d001'),(12903,'d007'),(12904,'d003'),(12905,'d005'),(12906,'d001'),(12907,'d005'),(12908,'d003'),(12909,'d007'),(12910,'d009'),(12911,'d005'),(12912,'d009'),(12913,'d005'),(12913,'d006'),(12914,'d006'),(12915,'d007'),(12916,'d004'),(12917,'d007'),(12918,'d005'),(12919,'d007'),(12920,'d005'),(12921,'d005'),(12921,'d009'),(12922,'d007'),(12923,'d005'),(12924,'d005'),(12925,'d006'),(12926,'d008'),(12927,'d004'),(12928,'d005'),(12929,'d005'),(12930,'d004'),(12931,'d007'),(12932,'d004'),(12932,'d009'),(12933,'d008'),(12934,'d005'),(12935,'d003'),(12936,'d005'),(12937,'d001'),(12938,'d001'),(12939,'d004'),(12940,'d005'),(12941,'d005'),(12942,'d004'),(12942,'d006'),(12943,'d007'),(12944,'d009'),(12945,'d004'),(12946,'d001'),(12947,'d003'),(12948,'d005'),(12949,'d005'),(12950,'d009'),(12951,'d001'),(12951,'d007'),(12952,'d005'),(12953,'d004'),(12954,'d007'),(12955,'d007'),(12956,'d004'),(12957,'d005'),(12958,'d002'),(12959,'d009'),(12960,'d005'),(12960,'d008'),(12961,'d004'),(12962,'d007'),(12963,'d008'),(12964,'d007'),(12965,'d005'),(12966,'d005'),(12967,'d004'),(12968,'d004'),(12968,'d006'),(12969,'d007'),(12970,'d005'),(12971,'d005'),(12972,'d003'),(12973,'d001'),(12974,'d007'),(12975,'d004'),(12976,'d007'),(12977,'d005'),(12978,'d005'),(12978,'d008'),(12979,'d004'),(12980,'d005'),(12981,'d004'),(12982,'d005'),(12983,'d002'),(12984,'d004'),(12985,'d007'),(12986,'d004'),(12987,'d004'),(12988,'d004'),(12988,'d006'),(12989,'d004'),(12990,'d006'),(12991,'d004'),(12992,'d005'),(12993,'d007'),(12994,'d002'),(12995,'d004'),(12996,'d007'),(12997,'d005'),(12998,'d005'),(12998,'d008'),(12999,'d008'),(13000,'d005'),(13001,'d005'),(13002,'d005'),(13003,'d005'),(13004,'d004'),(13005,'d003'),(13006,'d005'),(13007,'d002'),(13007,'d007'),(13008,'d006'),(13009,'d005'),(13010,'d005'),(13011,'d005'),(13012,'d005'),(13013,'d004'),(13014,'d004'),(13015,'d001'),(13016,'d004'),(13016,'d005'),(13017,'d005'),(13018,'d007'),(13019,'d005'),(13020,'d001'),(13021,'d005'),(13022,'d005'),(13023,'d005'),(13024,'d005'),(13025,'d004'),(13025,'d005'),(13026,'d004'),(13027,'d004'),(13028,'d007'),(13029,'d005'),(13030,'d001'),(13031,'d005'),(13032,'d008'),(13033,'d007'),(13034,'d007'),(13034,'d009'),(13035,'d007'),(13036,'d007'),(13037,'d007'),(13038,'d004'),(13039,'d005'),(13040,'d005'),(13041,'d001'),(13042,'d004'),(13043,'d007'),(13044,'d005'),(13045,'d004'),(13045,'d005'),(13046,'d002'),(13047,'d005'),(13048,'d005'),(13049,'d008'),(13050,'d001'),(13051,'d005'),(13052,'d005'),(13053,'d003'),(13054,'d004'),(13055,'d004'),(13056,'d007'),(13056,'d009'),(13057,'d003'),(13058,'d001'),(13059,'d005'),(13060,'d005'),(13061,'d004'),(13062,'d005'),(13063,'d001'),(13064,'d004'),(13064,'d006'),(13065,'d007'),(13066,'d004'),(13067,'d005'),(13068,'d005'),(13069,'d005'),(13070,'d005'),(13071,'d006'),(13072,'d004'),(13073,'d007'),(13074,'d004'),(13075,'d001'),(13075,'d007'),(13076,'d005'),(13077,'d002'),(13078,'d001'),(13079,'d004'),(13080,'d004'),(13081,'d007'),(13082,'d009'),(13083,'d007'),(13084,'d002'),(13085,'d005'),(13085,'d008'),(13086,'d003'),(13087,'d004'),(13088,'d001'),(13089,'d005'),(13090,'d005'),(13091,'d006'),(13092,'d001'),(13093,'d007'),(13094,'d005'),(13094,'d008'),(13095,'d009'),(13096,'d006'),(13097,'d005'),(13098,'d005'),(13099,'d008'),(13100,'d004'),(13101,'d004'),(13102,'d004'),(13102,'d005'),(13103,'d005'),(13104,'d005'),(13105,'d005'),(13106,'d002'),(13107,'d002'),(13108,'d001'),(13109,'d004'),(13110,'d005'),(13111,'d005'),(13112,'d001'),(13112,'d007'),(13113,'d002'),(13114,'d003'),(13115,'d007'),(13116,'d002'),(13117,'d007'),(13118,'d009'),(13119,'d005'),(13120,'d008'),(13121,'d004'),(13122,'d004'),(13122,'d005'),(13123,'d005'),(13124,'d007'),(13125,'d005'),(13126,'d004'),(13127,'d004'),(13128,'d002'),(13129,'d001'),(13130,'d004'),(13131,'d002'),(13132,'d005'),(13133,'d001'),(13133,'d009'),(13134,'d004'),(13135,'d005'),(13136,'d005'),(13137,'d004'),(13138,'d001'),(13139,'d006'),(13140,'d008'),(13141,'d004'),(13141,'d005'),(13142,'d007'),(13143,'d004'),(13144,'d002'),(13145,'d005'),(13146,'d007'),(13147,'d007'),(13148,'d004'),(13149,'d005'),(13150,'d004'),(13150,'d006'),(13151,'d004'),(13152,'d004'),(13153,'d004'),(13154,'d007'),(13155,'d004'),(13156,'d005'),(13157,'d001'),(13158,'d007'),(13159,'d002'),(13160,'d005'),(13160,'d006'),(13161,'d005'),(13162,'d007'),(13163,'d006'),(13164,'d004'),(13165,'d006'),(13166,'d005'),(13167,'d005'),(13168,'d004'),(13169,'d007'),(13170,'d002'),(13170,'d003'),(13171,'d006'),(13172,'d007'),(13173,'d007'),(13174,'d004'),(13175,'d004'),(13176,'d007'),(13177,'d005'),(13178,'d007'),(13179,'d007'),(13180,'d008'),(13181,'d004'),(13181,'d009'),(13182,'d004'),(13183,'d003'),(13184,'d005'),(13185,'d002'),(13186,'d007'),(13187,'d007'),(13188,'d004'),(13189,'d008'),(13190,'d003'),(13191,'d004'),(13192,'d004'),(13192,'d005'),(13193,'d004'),(13194,'d005'),(13195,'d004'),(13196,'d001'),(13197,'d002'),(13198,'d008'),(13199,'d004'),(13200,'d004'),(13201,'d001'),(13201,'d007'),(13202,'d008'),(13203,'d009'),(13204,'d004'),(13205,'d007'),(13206,'d002'),(13207,'d004'),(13208,'d004'),(13209,'d005'),(13210,'d001'),(13210,'d007'),(13211,'d004'),(13212,'d007'),(13213,'d007'),(13214,'d004'),(13215,'d005'),(13216,'d009'),(13217,'d008'),(13218,'d004'),(13218,'d005'),(13219,'d004'),(13220,'d005'),(13221,'d008'),(13222,'d008'),(13223,'d007'),(13224,'d005'),(13225,'d001'),(13226,'d004'),(13226,'d009'),(13227,'d007'),(13228,'d001'),(13229,'d005'),(13230,'d005'),(13231,'d005'),(13232,'d005'),(13233,'d005'),(13234,'d009'),(13235,'d004'),(13235,'d009'),(13236,'d007'),(13237,'d002'),(13238,'d007'),(13239,'d005'),(13240,'d005'),(13241,'d007'),(13242,'d004'),(13243,'d007'),(13244,'d004'),(13244,'d008'),(13245,'d005'),(13246,'d007'),(13247,'d004'),(13248,'d007'),(13249,'d007'),(13250,'d004'),(13251,'d006'),(13252,'d008'),(13253,'d008'),(13254,'d004'),(13254,'d005'),(13255,'d005'),(13256,'d002'),(13257,'d002'),(13258,'d006'),(13259,'d007'),(13260,'d005'),(13261,'d007'),(13262,'d005'),(13263,'d002'),(13263,'d003'),(13264,'d007'),(13265,'d006'),(13266,'d005'),(13267,'d005'),(13268,'d007'),(13269,'d004'),(13270,'d005'),(13271,'d008'),(13272,'d009'),(13273,'d004'),(13273,'d006'),(13274,'d004'),(13275,'d003'),(13276,'d002'),(13277,'d008'),(13278,'d005'),(13279,'d003'),(13280,'d009'),(13281,'d005'),(13282,'d002'),(13283,'d005'),(13283,'d008'),(13284,'d005'),(13285,'d005'),(13286,'d002'),(13287,'d009'),(13288,'d003'),(13289,'d001'),(13290,'d003'),(13291,'d005'),(13292,'d007'),(13293,'d007'),(13293,'d009'),(13294,'d009'),(13295,'d004'),(13296,'d004'),(13297,'d008'),(13298,'d009'),(13299,'d001'),(13300,'d001'),(13301,'d005'),(13301,'d008'),(13302,'d005'),(13303,'d007'),(13304,'d001'),(13305,'d007'),(13306,'d005'),(13307,'d004'),(13308,'d007'),(13309,'d004'),(13310,'d005'),(13311,'d005'),(13312,'d005'),(13312,'d008'),(13313,'d004'),(13314,'d003'),(13315,'d005'),(13316,'d004'),(13317,'d005'),(13318,'d004'),(13319,'d005'),(13320,'d005'),(13321,'d005'),(13322,'d006'),(13323,'d005'),(13323,'d008'),(13324,'d005'),(13325,'d005'),(13326,'d003'),(13327,'d006'),(13328,'d009'),(13329,'d007'),(13330,'d004'),(13331,'d005'),(13332,'d004'),(13333,'d004'),(13333,'d005'),(13334,'d002'),(13335,'d007'),(13336,'d004'),(13337,'d004'),(13338,'d004'),(13339,'d008'),(13340,'d005'),(13341,'d001'),(13342,'d005'),(13343,'d002'),(13343,'d003'),(13344,'d005'),(13345,'d007'),(13346,'d005'),(13347,'d005'),(13348,'d001'),(13349,'d007'),(13350,'d005'),(13351,'d004'),(13352,'d004'),(13353,'d005'),(13354,'d005'),(13354,'d008'),(13355,'d004'),(13356,'d004'),(13357,'d004'),(13358,'d005'),(13359,'d005'),(13360,'d005'),(13361,'d003'),(13362,'d005'),(13363,'d008'),(13364,'d001'),(13365,'d004'),(13365,'d006'),(13366,'d002'),(13367,'d007'),(13368,'d003'),(13369,'d004'),(13370,'d009'),(13371,'d004'),(13372,'d007'),(13373,'d002'),(13373,'d003'),(13374,'d005'),(13375,'d005'),(13376,'d004'),(13377,'d005'),(13378,'d005'),(13379,'d009'),(13380,'d003'),(13381,'d005'),(13382,'d005'),(13383,'d002'),(13383,'d003'),(13384,'d007'),(13385,'d003'),(13386,'d005'),(13387,'d007'),(13388,'d004'),(13389,'d008'),(13390,'d004'),(13391,'d008'),(13392,'d007'),(13393,'d004'),(13393,'d006'),(13394,'d001'),(13395,'d005'),(13396,'d009'),(13397,'d003'),(13398,'d008'),(13399,'d004'),(13400,'d005'),(13401,'d005'),(13402,'d005'),(13402,'d008'),(13403,'d007'),(13404,'d007'),(13405,'d007'),(13406,'d005'),(13407,'d004'),(13408,'d004'),(13409,'d004'),(13410,'d007'),(13411,'d001'),(13412,'d001'),(13412,'d003'),(13413,'d007'),(13414,'d007'),(13415,'d006'),(13416,'d004'),(13417,'d007'),(13418,'d006'),(13419,'d007'),(13420,'d004'),(13421,'d005'),(13422,'d004'),(13422,'d006'),(13423,'d007'),(13424,'d005'),(13425,'d005'),(13426,'d009'),(13427,'d007'),(13428,'d007'),(13429,'d002'),(13430,'d003'),(13431,'d007'),(13432,'d007'),(13433,'d002'),(13433,'d003'),(13434,'d008'),(13435,'d004'),(13436,'d007'),(13437,'d006'),(13438,'d004'),(13439,'d004'),(13440,'d004'),(13441,'d004'),(13441,'d009'),(13442,'d003'),(13443,'d006'),(13444,'d005'),(13445,'d004'),(13446,'d005'),(13447,'d007'),(13448,'d001'),(13449,'d007'),(13450,'d004'),(13450,'d009'),(13451,'d003'),(13452,'d004'),(13453,'d005'),(13454,'d004'),(13455,'d004'),(13456,'d005'),(13457,'d006'),(13458,'d004'),(13458,'d009'),(13459,'d008'),(13460,'d004'),(13461,'d003'),(13462,'d003'),(13463,'d004'),(13464,'d005'),(13465,'d004'),(13466,'d007'),(13467,'d005'),(13468,'d009'),(13469,'d005'),(13469,'d008'),(13470,'d001'),(13471,'d002'),(13472,'d004'),(13473,'d005'),(13474,'d005'),(13475,'d007'),(13476,'d005'),(13477,'d007'),(13478,'d008'),(13479,'d007'),(13480,'d004'),(13480,'d006'),(13481,'d005'),(13482,'d006'),(13483,'d004'),(13484,'d003'),(13485,'d005'),(13486,'d004'),(13487,'d001'),(13488,'d004'),(13489,'d007'),(13489,'d009'),(13490,'d001'),(13491,'d007'),(13492,'d004'),(13493,'d005'),(13494,'d004'),(13495,'d001'),(13496,'d007'),(13497,'d005'),(13498,'d007'),(13499,'d004'),(13500,'d004'),(13500,'d005'),(13501,'d007'),(13502,'d005'),(13503,'d007'),(13504,'d005'),(13505,'d009'),(13506,'d008'),(13507,'d005'),(13508,'d003'),(13509,'d004'),(13510,'d002'),(13510,'d003'),(13511,'d008'),(13512,'d002'),(13513,'d007'),(13514,'d005'),(13515,'d007'),(13516,'d008'),(13517,'d005'),(13518,'d003'),(13519,'d007'),(13519,'d009'),(13520,'d004'),(13521,'d006'),(13522,'d001'),(13523,'d009'),(13524,'d007'),(13525,'d003'),(13526,'d004'),(13527,'d004'),(13528,'d001'),(13528,'d007'),(13529,'d007'),(13530,'d005'),(13531,'d004'),(13532,'d004'),(13533,'d003'),(13534,'d005'),(13535,'d004'),(13536,'d008'),(13537,'d005'),(13538,'d005'),(13538,'d006'),(13539,'d005'),(13540,'d007'),(13541,'d005'),(13542,'d007'),(13543,'d007'),(13544,'d007'),(13545,'d003'),(13546,'d004'),(13547,'d004'),(13547,'d008'),(13548,'d005'),(13549,'d005'),(13550,'d005'),(13551,'d007'),(13552,'d008'),(13553,'d007'),(13554,'d001'),(13555,'d007'),(13556,'d005'),(13557,'d004'),(13557,'d005'),(13558,'d008'),(13559,'d007'),(13560,'d005'),(13561,'d004'),(13562,'d008'),(13563,'d004'),(13564,'d007'),(13565,'d005'),(13566,'d004'),(13567,'d002'),(13567,'d003'),(13568,'d005'),(13569,'d001'),(13570,'d002'),(13571,'d004'),(13572,'d001'),(13573,'d005'),(13574,'d004'),(13575,'d004'),(13576,'d005'),(13576,'d008'),(13577,'d007'),(13578,'d004'),(13579,'d006'),(13580,'d005'),(13581,'d005'),(13582,'d005'),(13583,'d009'),(13584,'d001'),(13585,'d006'),(13586,'d005'),(13586,'d008'),(13587,'d004'),(13588,'d007'),(13589,'d008'),(13590,'d004'),(13591,'d005'),(13592,'d005'),(13593,'d004'),(13594,'d001'),(13595,'d002'),(13595,'d003'),(13596,'d004'),(13597,'d006'),(13598,'d004'),(13599,'d007'),(13600,'d008'),(13601,'d004'),(13602,'d007'),(13603,'d005'),(13604,'d007'),(13605,'d007'),(13606,'d007'),(13606,'d009'),(13607,'d007'),(13608,'d007'),(13609,'d004'),(13610,'d009'),(13611,'d001'),(13612,'d004'),(13613,'d004'),(13614,'d008'),(13615,'d001'),(13616,'d005'),(13616,'d008'),(13617,'d006'),(13618,'d007'),(13619,'d004'),(13620,'d004'),(13621,'d005'),(13622,'d007'),(13623,'d006'),(13624,'d003'),(13625,'d001'),(13626,'d004'),(13626,'d006'),(13627,'d005'),(13628,'d005'),(13629,'d005'),(13630,'d004'),(13631,'d004'),(13632,'d007'),(13633,'d005'),(13634,'d004'),(13634,'d009'),(13635,'d005'),(13636,'d005'),(13637,'d005'),(13638,'d005'),(13639,'d005'),(13640,'d006'),(13641,'d004'),(13642,'d001'),(13643,'d005'),(13644,'d005'),(13644,'d008'),(13645,'d004'),(13646,'d005'),(13647,'d008'),(13648,'d004'),(13649,'d004'),(13650,'d007'),(13651,'d005'),(13652,'d005'),(13653,'d003'),(13654,'d004'),(13654,'d005'),(13655,'d003'),(13656,'d007'),(13657,'d004'),(13658,'d005'),(13659,'d002'),(13660,'d007'),(13661,'d007'),(13662,'d008'),(13663,'d005'),(13663,'d008'),(13664,'d005'),(13665,'d004'),(13666,'d005'),(13667,'d004'),(13668,'d001'),(13669,'d004'),(13670,'d005'),(13671,'d006'),(13672,'d007'),(13673,'d004'),(13673,'d008'),(13674,'d004'),(13675,'d004'),(13676,'d007'),(13677,'d005'),(13678,'d003'),(13679,'d009'),(13680,'d007'),(13681,'d004'),(13681,'d005'),(13682,'d001'),(13683,'d005'),(13684,'d007'),(13685,'d005'),(13686,'d002'),(13687,'d009'),(13688,'d004'),(13689,'d005'),(13689,'d006'),(13690,'d007'),(13691,'d007'),(13692,'d007'),(13693,'d005'),(13694,'d005'),(13695,'d001'),(13696,'d005'),(13697,'d005'),(13698,'d006'),(13699,'d004'),(13699,'d005'),(13700,'d007'),(13701,'d004'),(13702,'d004'),(13703,'d004'),(13704,'d004'),(13705,'d009'),(13706,'d004'),(13707,'d004'),(13708,'d005'),(13708,'d008'),(13709,'d007'),(13710,'d005'),(13711,'d009'),(13712,'d003'),(13713,'d003'),(13714,'d004'),(13715,'d007'),(13716,'d005'),(13716,'d006'),(13717,'d001'),(13718,'d007'),(13719,'d004'),(13720,'d007'),(13721,'d007'),(13722,'d004'),(13723,'d007'),(13724,'d005'),(13725,'d005'),(13726,'d001'),(13726,'d009'),(13727,'d003'),(13728,'d004'),(13729,'d005'),(13730,'d001'),(13731,'d005'),(13732,'d006'),(13733,'d001'),(13734,'d008'),(13735,'d004'),(13735,'d009'),(13736,'d007'),(13737,'d005'),(13738,'d005'),(13739,'d005'),(13740,'d005'),(13741,'d004'),(13742,'d004'),(13743,'d009'),(13744,'d005'),(13745,'d004'),(13745,'d006'),(13746,'d005'),(13747,'d007'),(13748,'d008'),(13749,'d006'),(13750,'d004'),(13751,'d001'),(13752,'d007'),(13753,'d009'),(13754,'d002'),(13754,'d007'),(13755,'d006'),(13756,'d005'),(13757,'d005'),(13758,'d007'),(13759,'d008'),(13760,'d004'),(13761,'d004'),(13762,'d007'),(13763,'d007'),(13763,'d009'),(13764,'d007'),(13765,'d003'),(13766,'d009'),(13767,'d004'),(13768,'d009'),(13769,'d007'),(13770,'d007'),(13771,'d009'),(13772,'d006'),(13773,'d003'),(13774,'d005'),(13774,'d008'),(13775,'d007'),(13776,'d001'),(13777,'d003'),(13778,'d008'),(13779,'d006'),(13780,'d005'),(13781,'d005'),(13782,'d001'),(13783,'d008'),(13784,'d001'),(13784,'d007'),(13785,'d007'),(13786,'d007'),(13787,'d004'),(13788,'d004'),(13789,'d004'),(13790,'d007'),(13791,'d004'),(13792,'d002'),(13793,'d004'),(13794,'d004'),(13794,'d009'),(13795,'d004'),(13796,'d005'),(13797,'d008'),(13798,'d004'),(13799,'d006'),(13800,'d006'),(13801,'d007'),(13802,'d002'),(13802,'d003'),(13803,'d005'),(13804,'d001'),(13805,'d007'),(13806,'d005'),(13807,'d002'),(13808,'d007'),(13809,'d009'),(13810,'d008'),(13811,'d004'),(13812,'d001'),(13812,'d007'),(13813,'d005'),(13814,'d002'),(13815,'d004'),(13816,'d005'),(13817,'d003'),(13818,'d005'),(13819,'d004'),(13820,'d003'),(13821,'d008'),(13822,'d001'),(13822,'d003'),(13823,'d005'),(13824,'d005'),(13825,'d004'),(13826,'d001'),(13827,'d009'),(13828,'d005'),(13829,'d003'),(13830,'d002'),(13831,'d004'),(13832,'d004'),(13832,'d008'),(13833,'d005'),(13834,'d005'),(13835,'d005'),(13836,'d007'),(13837,'d005'),(13838,'d009'),(13839,'d005'),(13840,'d005'),(13841,'d004'),(13841,'d006'),(13842,'d008'),(13843,'d004'),(13844,'d001'),(13845,'d007'),(13846,'d008'),(13847,'d004'),(13848,'d007'),(13849,'d005'),(13850,'d004'),(13850,'d006'),(13851,'d005'),(13852,'d005'),(13853,'d008'),(13854,'d004'),(13855,'d004'),(13856,'d007'),(13857,'d004'),(13858,'d008'),(13859,'d005'),(13860,'d001'),(13861,'d005'),(13861,'d008'),(13862,'d005'),(13863,'d007'),(13864,'d004'),(13865,'d007'),(13866,'d007'),(13867,'d004'),(13868,'d004'),(13869,'d005'),(13870,'d004'),(13870,'d006'),(13871,'d007'),(13872,'d005'),(13873,'d006'),(13874,'d006'),(13875,'d004'),(13876,'d003'),(13877,'d006'),(13878,'d007'),(13879,'d004'),(13880,'d002'),(13880,'d003'),(13881,'d005'),(13882,'d004'),(13883,'d005'),(13884,'d004'),(13885,'d008'),(13886,'d008'),(13887,'d005'),(13888,'d005'),(13888,'d006'),(13889,'d009'),(13890,'d003'),(13891,'d007'),(13892,'d005'),(13893,'d005'),(13894,'d004'),(13895,'d004'),(13896,'d004'),(13897,'d005'),(13898,'d007'),(13899,'d004'),(13899,'d006'),(13900,'d005'),(13901,'d004'),(13902,'d007'),(13903,'d004'),(13904,'d005'),(13905,'d005'),(13906,'d006'),(13907,'d005'),(13908,'d004'),(13909,'d001'),(13909,'d007'),(13910,'d005'),(13911,'d001'),(13912,'d004'),(13913,'d004'),(13914,'d002'),(13915,'d005'),(13916,'d007'),(13917,'d004'),(13918,'d004'),(13919,'d004'),(13919,'d009'),(13920,'d008'),(13921,'d001'),(13922,'d002'),(13923,'d005'),(13924,'d004'),(13925,'d004'),(13926,'d001'),(13927,'d003'),(13928,'d007'),(13929,'d004'),(13929,'d005'),(13930,'d007'),(13931,'d004'),(13932,'d002'),(13933,'d006'),(13934,'d005'),(13935,'d004'),(13936,'d003'),(13937,'d003'),(13938,'d005'),(13939,'d009'),(13940,'d005'),(13940,'d009'),(13941,'d007'),(13942,'d005'),(13943,'d007'),(13944,'d005'),(13945,'d009'),(13946,'d006'),(13947,'d007'),(13948,'d002'),(13949,'d007'),(13950,'d004'),(13950,'d006'),(13951,'d007'),(13952,'d005'),(13953,'d005'),(13954,'d005'),(13955,'d006'),(13956,'d004'),(13957,'d006'),(13958,'d004'),(13959,'d004'),(13959,'d005'),(13960,'d002'),(13961,'d004'),(13962,'d004'),(13963,'d001'),(13964,'d004'),(13965,'d005'),(13966,'d009'),(13967,'d004'),(13967,'d009'),(13968,'d005'),(13969,'d005'),(13970,'d004'),(13971,'d005'),(13972,'d005'),(13973,'d001'),(13974,'d009'),(13975,'d007'),(13976,'d004'),(13977,'d004'),(13977,'d009'),(13978,'d007'),(13979,'d004'),(13980,'d009'),(13981,'d005'),(13982,'d001'),(13983,'d007'),(13984,'d001'),(13985,'d005'),(13986,'d007'),(13987,'d004'),(13987,'d005'),(13988,'d008'),(13989,'d005'),(13990,'d005'),(13991,'d004'),(13992,'d002'),(13993,'d007'),(13994,'d007'),(13995,'d004'),(13996,'d004'),(13996,'d008'),(13997,'d004'),(13998,'d005'),(13999,'d003'),(14000,'d007'),(14001,'d003'),(14002,'d004'),(14003,'d004'),(14004,'d005'),(14005,'d005'),(14005,'d006'),(14006,'d005'),(14007,'d002'),(14008,'d006'),(14009,'d007'),(14010,'d003'),(14011,'d005'),(14012,'d005'),(14013,'d001'),(14014,'d006'),(14015,'d004'),(14015,'d006'),(14016,'d004'),(14017,'d001'),(14018,'d003'),(14019,'d005'),(14020,'d008'),(14021,'d004'),(14022,'d005'),(14023,'d004'),(14024,'d004'),(14025,'d002'),(14025,'d007'),(14026,'d005'),(14027,'d005'),(14028,'d007'),(14029,'d009'),(14030,'d004'),(14031,'d005'),(14032,'d004'),(14033,'d004'),(14034,'d002'),(14035,'d005'),(14035,'d008'),(14036,'d007'),(14037,'d002'),(14038,'d005'),(14039,'d005'),(14040,'d005'),(14041,'d001'),(14042,'d004'),(14043,'d004'),(14043,'d006'),(14044,'d004'),(14045,'d009'),(14046,'d008'),(14047,'d004'),(14048,'d008'),(14049,'d005'),(14050,'d007'),(14051,'d005'),(14052,'d004'),(14053,'d005'),(14053,'d008'),(14054,'d007'),(14055,'d004'),(14056,'d005'),(14057,'d004'),(14058,'d004'),(14059,'d004'),(14060,'d004'),(14061,'d005'),(14062,'d004'),(14062,'d006'),(14063,'d004'),(14064,'d008'),(14065,'d007'),(14066,'d007'),(14067,'d004'),(14068,'d009'),(14069,'d004'),(14070,'d008'),(14071,'d001'),(14071,'d007'),(14072,'d005'),(14073,'d009'),(14074,'d006'),(14075,'d005'),(14076,'d005'),(14077,'d005'),(14078,'d005'),(14079,'d004'),(14080,'d004'),(14080,'d006'),(14081,'d007'),(14082,'d007'),(14083,'d004'),(14084,'d005'),(14085,'d003'),(14086,'d007'),(14087,'d004'),(14088,'d008'),(14089,'d005'),(14090,'d004'),(14090,'d008'),(14091,'d005'),(14092,'d002'),(14093,'d005'),(14094,'d005'),(14095,'d007'),(14096,'d001'),(14097,'d002'),(14098,'d005'),(14099,'d005'),(14099,'d009'),(14100,'d005'),(14101,'d004'),(14102,'d004'),(14103,'d005'),(14104,'d003'),(14105,'d007'),(14106,'d005'),(14107,'d001'),(14108,'d001'),(14108,'d007'),(14109,'d004'),(14110,'d001'),(14111,'d009'),(14112,'d001'),(14113,'d005'),(14114,'d002'),(14115,'d002'),(14116,'d005'),(14117,'d009'),(14118,'d009'),(14119,'d007'),(14119,'d009'),(14120,'d004'),(14121,'d006'),(14122,'d007'),(14123,'d006'),(14124,'d004'),(14125,'d007'),(14126,'d004'),(14127,'d004'),(14128,'d004'),(14129,'d004'),(14129,'d005'),(14130,'d001'),(14131,'d004'),(14132,'d004'),(14133,'d005'),(14134,'d004'),(14135,'d004'),(14136,'d005'),(14137,'d001'),(14138,'d006'),(14139,'d005'),(14140,'d002'),(14140,'d003'),(14141,'d004'),(14142,'d007'),(14143,'d006'),(14144,'d004'),(14145,'d004'),(14146,'d004'),(14147,'d006'),(14148,'d004'),(14149,'d005'),(14149,'d008'),(14150,'d003'),(14151,'d005'),(14152,'d006'),(14153,'d005'),(14154,'d008'),(14155,'d003'),(14156,'d007'),(14157,'d004'),(14158,'d007'),(14159,'d004'),(14159,'d005'),(14160,'d007'),(14161,'d004'),(14162,'d003'),(14163,'d006'),(14164,'d004'),(14165,'d003'),(14166,'d003'),(14167,'d004'),(14168,'d005'),(14169,'d002'),(14170,'d001'),(14170,'d009'),(14171,'d005'),(14172,'d007'),(14173,'d004'),(14174,'d004'),(14175,'d005'),(14176,'d007'),(14177,'d001'),(14178,'d009'),(14179,'d007'),(14179,'d009'),(14180,'d005'),(14181,'d007'),(14182,'d007'),(14183,'d002'),(14184,'d007'),(14185,'d001'),(14186,'d004'),(14187,'d007'),(14188,'d005'),(14189,'d001'),(14189,'d007'),(14190,'d004'),(14191,'d005'),(14192,'d005'),(14193,'d005'),(14194,'d005'),(14195,'d005'),(14196,'d004'),(14197,'d007'),(14198,'d004'),(14199,'d004'),(14200,'d001'),(14200,'d007'),(14201,'d005'),(14202,'d005'),(14203,'d004'),(14204,'d004'),(14205,'d009'),(14206,'d004'),(14207,'d009'),(14208,'d001'),(14208,'d009'),(14209,'d008'),(14210,'d001'),(14211,'d004'),(14212,'d005'),(14213,'d005'),(14214,'d004'),(14215,'d009'),(14216,'d005'),(14217,'d002'),(14217,'d003'),(14218,'d003'),(14219,'d005'),(14220,'d004'),(14221,'d007'),(14222,'d001'),(14223,'d004'),(14224,'d003'),(14225,'d005'),(14226,'d005'),(14227,'d001'),(14227,'d009'),(14228,'d005'),(14229,'d002'),(14230,'d005'),(14231,'d004'),(14232,'d005'),(14233,'d009'),(14234,'d003'),(14235,'d009'),(14236,'d008'),(14237,'d004'),(14237,'d009'),(14238,'d007'),(14239,'d001'),(14240,'d008'),(14241,'d007'),(14242,'d009'),(14243,'d004'),(14244,'d004'),(14245,'d005'),(14246,'d005'),(14247,'d004'),(14248,'d005'),(14248,'d006'),(14249,'d004'),(14250,'d009'),(14251,'d008'),(14252,'d007'),(14253,'d003'),(14254,'d004'),(14255,'d002'),(14256,'d004'),(14257,'d004'),(14257,'d009'),(14258,'d005'),(14259,'d005'),(14260,'d003'),(14261,'d004'),(14262,'d009'),(14263,'d005'),(14264,'d007'),(14265,'d005'),(14266,'d005'),(14267,'d003'),(14268,'d001'),(14268,'d009'),(14269,'d001'),(14270,'d004'),(14271,'d009'),(14272,'d005'),(14273,'d007'),(14274,'d002'),(14275,'d007'),(14276,'d005'),(14276,'d008'),(14277,'d005'),(14278,'d007'),(14279,'d004'),(14280,'d001'),(14281,'d004'),(14282,'d007'),(14283,'d001'),(14284,'d005'),(14285,'d003'),(14286,'d005'),(14287,'d005'),(14287,'d009'),(14288,'d005'),(14289,'d004'),(14290,'d004'),(14291,'d004'),(14292,'d008'),(14293,'d008'),(14294,'d009'),(14295,'d004'),(14296,'d006'),(14297,'d004'),(14297,'d006'),(14298,'d004'),(14299,'d001'),(14300,'d001'),(14301,'d005'),(14302,'d006'),(14303,'d004'),(14304,'d009'),(14305,'d004'),(14306,'d005'),(14307,'d004'),(14307,'d005'),(14308,'d004'),(14309,'d006'),(14310,'d007'),(14311,'d008'),(14312,'d005'),(14313,'d008'),(14314,'d001'),(14315,'d001'),(14315,'d007'),(14316,'d006'),(14317,'d005'),(14318,'d008'),(14319,'d005'),(14320,'d004'),(14321,'d002'),(14322,'d005'),(14323,'d004'),(14323,'d009'),(14324,'d004'),(14325,'d007'),(14326,'d005'),(14327,'d004'),(14328,'d009'),(14329,'d004'),(14330,'d005'),(14331,'d005'),(14332,'d004'),(14332,'d005'),(14333,'d001'),(14334,'d004'),(14335,'d005'),(14336,'d001'),(14337,'d009'),(14338,'d006'),(14339,'d004'),(14340,'d004'),(14341,'d005'),(14341,'d008'),(14342,'d005'),(14343,'d007'),(14344,'d004'),(14345,'d005'),(14346,'d004'),(14347,'d005'),(14348,'d006'),(14349,'d005'),(14350,'d002'),(14351,'d004'),(14351,'d005'),(14352,'d004'),(14353,'d005'),(14354,'d007'),(14355,'d005'),(14356,'d004'),(14357,'d007'),(14358,'d008'),(14359,'d007'),(14360,'d008'),(14361,'d005'),(14361,'d006'),(14362,'d002'),(14363,'d006'),(14364,'d007'),(14365,'d009'),(14366,'d007'),(14367,'d008'),(14368,'d004'),(14369,'d005'),(14370,'d003'),(14371,'d005'),(14372,'d005'),(14372,'d008'),(14373,'d007'),(14374,'d004'),(14375,'d007'),(14376,'d004'),(14377,'d006'),(14378,'d004'),(14379,'d004'),(14380,'d005'),(14380,'d009'),(14381,'d007'),(14382,'d007'),(14383,'d002'),(14384,'d005'),(14385,'d005'),(14386,'d005'),(14387,'d007'),(14388,'d001'),(14389,'d005'),(14390,'d004'),(14390,'d006'),(14391,'d009'),(14392,'d004'),(14393,'d004'),(14394,'d009'),(14395,'d004'),(14396,'d007'),(14397,'d007'),(14398,'d002'),(14399,'d001'),(14400,'d004'),(14400,'d005'),(14401,'d005'),(14402,'d006'),(14403,'d001'),(14404,'d007'),(14405,'d006'),(14406,'d006'),(14407,'d004'),(14408,'d005'),(14409,'d007'),(14410,'d004'),(14410,'d009'),(14411,'d005'),(14412,'d005'),(14413,'d007'),(14414,'d004'),(14415,'d004'),(14416,'d006'),(14417,'d004'),(14418,'d006'),(14419,'d004'),(14420,'d004'),(14421,'d001'),(14421,'d009'),(14422,'d004'),(14423,'d004'),(14424,'d004'),(14425,'d005'),(14426,'d004'),(14427,'d002'),(14428,'d007'),(14429,'d001'),(14429,'d007'),(14430,'d002'),(14431,'d005'),(14432,'d007'),(14433,'d005'),(14434,'d005'),(14435,'d004'),(14436,'d004'),(14437,'d005'),(14438,'d004'),(14438,'d009'),(14439,'d006'),(14440,'d005'),(14441,'d004'),(14442,'d007'),(14443,'d007'),(14444,'d003'),(14445,'d003'),(14446,'d004'),(14447,'d004'),(14447,'d009'),(14448,'d002'),(14449,'d005'),(14450,'d005'),(14451,'d004'),(14452,'d008'),(14453,'d009'),(14454,'d007'),(14455,'d001'),(14456,'d004'),(14457,'d005'),(14457,'d008'),(14458,'d005'),(14459,'d005'),(14460,'d004'),(14461,'d007'),(14462,'d002'),(14463,'d009'),(14464,'d009'),(14465,'d007'),(14466,'d005'),(14466,'d008'),(14467,'d004'),(14468,'d007'),(14469,'d008'),(14470,'d004'),(14471,'d005'),(14472,'d007'),(14473,'d004'),(14474,'d004'),(14474,'d009'),(14475,'d001'),(14476,'d004'),(14477,'d002'),(14478,'d007'),(14479,'d001'),(14480,'d007'),(14481,'d004'),(14482,'d005'),(14483,'d005'),(14484,'d004'),(14484,'d005'),(14485,'d004'),(14486,'d004'),(14487,'d007'),(14488,'d003'),(14489,'d001'),(14490,'d009'),(14491,'d005'),(14492,'d005'),(14493,'d002'),(14494,'d004'),(14494,'d006'),(14495,'d003'),(14496,'d002'),(14497,'d001'),(14498,'d003'),(14499,'d004'),(14500,'d004'),(14501,'d004'),(14502,'d005'),(14503,'d004'),(14504,'d004'),(14504,'d009'),(14505,'d003'),(14506,'d005'),(14507,'d001'),(14508,'d007'),(14509,'d002'),(14510,'d004'),(14511,'d005'),(14512,'d004'),(14513,'d001'),(14513,'d007'),(14514,'d005'),(14515,'d006'),(14516,'d007'),(14517,'d005'),(14518,'d004'),(14519,'d007'),(14520,'d004'),(14521,'d004'),(14521,'d006'),(14522,'d002'),(14523,'d007'),(14524,'d007'),(14525,'d004'),(14526,'d002'),(14527,'d007'),(14528,'d007'),(14529,'d002'),(14530,'d004'),(14531,'d005'),(14532,'d001'),(14532,'d009'),(14533,'d005'),(14534,'d005'),(14535,'d008'),(14536,'d006'),(14537,'d006'),(14538,'d007'),(14539,'d006'),(14540,'d005'),(14541,'d007'),(14542,'d004'),(14542,'d009'),(14543,'d004'),(14544,'d007'),(14545,'d003'),(14546,'d004'),(14547,'d001'),(14548,'d003'),(14549,'d007'),(14550,'d001'),(14550,'d007'),(14551,'d007'),(14552,'d005'),(14553,'d007'),(14554,'d001'),(14555,'d005'),(14556,'d004'),(14557,'d006'),(14558,'d004'),(14558,'d006'),(14559,'d005'),(14560,'d005'),(14561,'d003'),(14562,'d007'),(14563,'d009'),(14564,'d003'),(14565,'d009'),(14566,'d004'),(14567,'d005'),(14567,'d008'),(14568,'d005'),(14569,'d005'),(14570,'d001'),(14571,'d005'),(14572,'d005'),(14573,'d005'),(14574,'d004'),(14575,'d007'),(14576,'d004'),(14576,'d006'),(14577,'d006'),(14578,'d005'),(14579,'d004'),(14580,'d005'),(14581,'d005'),(14582,'d005'),(14583,'d004'),(14584,'d004'),(14585,'d004'),(14585,'d006'),(14586,'d004'),(14587,'d005'),(14588,'d005'),(14589,'d009'),(14590,'d002'),(14591,'d007'),(14592,'d004'),(14593,'d002'),(14594,'d008'),(14595,'d007'),(14596,'d004'),(14596,'d005'),(14597,'d007'),(14598,'d005'),(14599,'d005'),(14600,'d009'),(14601,'d009'),(14602,'d006'),(14603,'d005'),(14604,'d007'),(14605,'d004'),(14605,'d009'),(14606,'d005'),(14607,'d007'),(14608,'d004'),(14609,'d005'),(14610,'d007'),(14611,'d007'),(14612,'d004'),(14613,'d002'),(14614,'d005'),(14615,'d004'),(14615,'d005'),(14616,'d004'),(14617,'d004'),(14618,'d007'),(14619,'d004'),(14620,'d004'),(14621,'d007'),(14622,'d005'),(14623,'d004'),(14624,'d004'),(14625,'d005'),(14626,'d004'),(14626,'d006'),(14627,'d005'),(14628,'d007'),(14629,'d004'),(14630,'d005'),(14631,'d005'),(14632,'d006'),(14633,'d002'),(14634,'d004'),(14634,'d009'),(14635,'d005'),(14636,'d004'),(14637,'d001'),(14638,'d003'),(14639,'d007'),(14640,'d005'),(14641,'d004'),(14642,'d005'),(14643,'d004'),(14643,'d006'),(14644,'d007'),(14645,'d005'),(14646,'d005'),(14647,'d003'),(14648,'d007'),(14649,'d009'),(14650,'d006'),(14651,'d009'),(14652,'d001'),(14653,'d004'),(14653,'d006'),(14654,'d002'),(14655,'d001'),(14656,'d004'),(14657,'d007'),(14658,'d007'),(14659,'d006'),(14660,'d001'),(14661,'d004'),(14662,'d001'),(14662,'d007'),(14663,'d004'),(14664,'d005'),(14665,'d007'),(14666,'d008'),(14667,'d004'),(14668,'d006'),(14669,'d005'),(14670,'d006'),(14671,'d004'),(14672,'d005'),(14672,'d009'),(14673,'d007'),(14674,'d004'),(14675,'d003'),(14676,'d007'),(14677,'d004'),(14678,'d009'),(14679,'d005'),(14680,'d001'),(14681,'d005'),(14682,'d006'),(14683,'d004'),(14683,'d009'),(14684,'d007'),(14685,'d007'),(14686,'d007'),(14687,'d004'),(14688,'d001'),(14689,'d005'),(14690,'d005'),(14691,'d005'),(14692,'d004'),(14692,'d006'),(14693,'d009'),(14694,'d004'),(14695,'d009'),(14696,'d004'),(14697,'d008'),(14698,'d002'),(14699,'d008'),(14700,'d003'),(14701,'d004'),(14701,'d009'),(14702,'d006'),(14703,'d005'),(14704,'d004'),(14705,'d007'),(14706,'d007'),(14707,'d007'),(14708,'d005'),(14709,'d004'),(14710,'d001'),(14711,'d004'),(14711,'d009'),(14712,'d004'),(14713,'d005'),(14714,'d003'),(14715,'d007'),(14716,'d004'),(14717,'d009'),(14718,'d009'),(14719,'d004'),(14719,'d009'),(14720,'d006'),(14721,'d007'),(14722,'d002'),(14723,'d003'),(14724,'d002'),(14725,'d004'),(14726,'d005'),(14727,'d001'),(14728,'d002'),(14729,'d005'),(14729,'d006'),(14730,'d003'),(14731,'d009'),(14732,'d005'),(14733,'d002'),(14734,'d004'),(14735,'d007'),(14736,'d007'),(14737,'d007'),(14738,'d002'),(14738,'d003'),(14739,'d005'),(14740,'d004'),(14741,'d004'),(14742,'d007'),(14743,'d005'),(14744,'d006'),(14745,'d004'),(14746,'d004'),(14747,'d007'),(14748,'d001'),(14749,'d005'),(14749,'d006'),(14750,'d005'),(14751,'d004'),(14752,'d005'),(14753,'d003'),(14754,'d005'),(14755,'d003'),(14756,'d005'),(14757,'d002'),(14757,'d003'),(14758,'d007'),(14759,'d002'),(14760,'d004'),(14761,'d007'),(14762,'d009'),(14763,'d004'),(14764,'d004'),(14765,'d005'),(14766,'d001'),(14767,'d001'),(14767,'d007'),(14768,'d005'),(14769,'d006'),(14770,'d005'),(14771,'d009'),(14772,'d005'),(14773,'d004'),(14774,'d008'),(14775,'d005'),(14775,'d008'),(14776,'d008'),(14777,'d004'),(14778,'d007'),(14779,'d005'),(14780,'d004'),(14781,'d004'),(14782,'d004'),(14783,'d007'),(14784,'d005'),(14785,'d004'),(14785,'d009'),(14786,'d009'),(14787,'d007'),(14788,'d005'),(14789,'d005'),(14790,'d004'),(14791,'d005'),(14792,'d004'),(14793,'d005'),(14794,'d004'),(14795,'d004'),(14795,'d009'),(14796,'d001'),(14797,'d005'),(14798,'d005'),(14799,'d005'),(14800,'d004'),(14801,'d005'),(14802,'d005'),(14803,'d004'),(14804,'d002'),(14805,'d007'),(14806,'d005'),(14806,'d008'),(14807,'d007'),(14808,'d005'),(14809,'d004'),(14810,'d005'),(14811,'d005'),(14812,'d004'),(14813,'d007'),(14814,'d009'),(14815,'d005'),(14816,'d009'),(14817,'d005'),(14817,'d008'),(14818,'d004'),(14819,'d005'),(14820,'d001'),(14821,'d005'),(14822,'d005'),(14823,'d004'),(14824,'d006'),(14825,'d005'),(14826,'d007'),(14827,'d007'),(14828,'d002'),(14828,'d003'),(14829,'d009'),(14830,'d007'),(14831,'d004'),(14832,'d009'),(14833,'d003'),(14834,'d005'),(14835,'d004'),(14836,'d001'),(14836,'d007'),(14837,'d007'),(14838,'d007'),(14839,'d005'),(14840,'d004'),(14841,'d007'),(14842,'d007'),(14843,'d004'),(14844,'d004'),(14844,'d009'),(14845,'d007'),(14846,'d004'),(14847,'d007'),(14848,'d005'),(14849,'d002'),(14850,'d002'),(14851,'d002'),(14852,'d003'),(14853,'d005'),(14854,'d009'),(14855,'d005'),(14855,'d008'),(14856,'d004'),(14857,'d005'),(14858,'d009'),(14859,'d004'),(14860,'d006'),(14861,'d005'),(14862,'d003'),(14863,'d007'),(14864,'d007'),(14865,'d007'),(14865,'d009'),(14866,'d004'),(14867,'d005'),(14868,'d003'),(14869,'d005'),(14870,'d005'),(14871,'d007'),(14872,'d008'),(14873,'d005'),(14873,'d008'),(14874,'d005'),(14875,'d004'),(14876,'d004'),(14877,'d005'),(14878,'d004'),(14879,'d005'),(14880,'d005'),(14881,'d001'),(14881,'d007'),(14882,'d007'),(14883,'d001'),(14884,'d005'),(14885,'d006'),(14886,'d007'),(14887,'d001'),(14888,'d007'),(14889,'d001'),(14889,'d007'),(14890,'d005'),(14891,'d007'),(14892,'d005'),(14893,'d005'),(14894,'d007'),(14895,'d003'),(14896,'d002'),(14897,'d008'),(14898,'d007'),(14899,'d002'),(14899,'d007'),(14900,'d005'),(14901,'d005'),(14902,'d005'),(14903,'d007'),(14904,'d007'),(14905,'d004'),(14906,'d008'),(14907,'d007'),(14908,'d004'),(14908,'d005'),(14909,'d005'),(14910,'d004'),(14911,'d004'),(14912,'d005'),(14913,'d005'),(14914,'d005'),(14915,'d004'),(14916,'d001'),(14916,'d003'),(14917,'d003'),(14918,'d004'),(14919,'d005'),(14920,'d009'),(14921,'d005'),(14922,'d001'),(14923,'d005'),(14924,'d005'),(14925,'d006'),(14926,'d006'),(14927,'d005'),(14927,'d008'),(14928,'d003'),(14929,'d008'),(14930,'d005'),(14931,'d005'),(14932,'d004'),(14933,'d008'),(14934,'d003'),(14935,'d001'),(14936,'d004'),(14937,'d007'),(14937,'d009'),(14938,'d003'),(14939,'d004'),(14940,'d005'),(14941,'d005'),(14942,'d006'),(14943,'d002'),(14944,'d009'),(14945,'d005'),(14946,'d008'),(14947,'d005'),(14948,'d002'),(14948,'d003'),(14949,'d004'),(14950,'d004'),(14951,'d003'),(14952,'d005'),(14953,'d006'),(14954,'d005'),(14955,'d005'),(14956,'d004'),(14957,'d007'),(14958,'d001'),(14958,'d007'),(14959,'d004'),(14960,'d004'),(14961,'d005'),(14962,'d003'),(14963,'d004'),(14964,'d003'),(14965,'d005'),(14966,'d007'),(14967,'d005'),(14968,'d004'),(14968,'d009'),(14969,'d007'),(14970,'d009'),(14971,'d002'),(14972,'d004'),(14973,'d007'),(14974,'d005'),(14975,'d004'),(14976,'d003'),(14977,'d004'),(14978,'d002'),(14979,'d007'),(14979,'d009'),(14980,'d004'),(14981,'d005'),(14982,'d005'),(14983,'d001'),(14984,'d005'),(14985,'d007'),(14986,'d007'),(14987,'d005'),(14988,'d005'),(14989,'d005'),(14989,'d006'),(14990,'d007'),(14991,'d007'),(14992,'d005'),(14993,'d005'),(14994,'d009'),(14995,'d005'),(14996,'d005'),(14997,'d005'),(14998,'d004'),(14999,'d002'),(14999,'d003'),(15000,'d007'),(15001,'d004'),(15002,'d004'),(15003,'d005'),(15004,'d005'),(15005,'d004'),(15006,'d007'),(15007,'d007'),(15008,'d003'),(15009,'d005'),(15009,'d008'),(15010,'d005'),(15011,'d007'),(15012,'d009'),(15013,'d005'),(15014,'d003'),(15015,'d005'),(15016,'d002'),(15017,'d004'),(15018,'d001'),(15019,'d004'),(15019,'d006'),(15020,'d004'),(15021,'d006'),(15022,'d004'),(15023,'d007'),(15024,'d009'),(15025,'d009'),(15026,'d005'),(15027,'d004'),(15028,'d004'),(15028,'d009'),(15029,'d009'),(15030,'d007'),(15031,'d004'),(15032,'d009'),(15033,'d003'),(15034,'d004'),(15035,'d004'),(15036,'d005'),(15037,'d005'),(15037,'d008'),(15038,'d005'),(15039,'d007'),(15040,'d002'),(15041,'d005'),(15042,'d004'),(15043,'d007'),(15044,'d004'),(15045,'d005'),(15046,'d007'),(15047,'d005'),(15048,'d005'),(15048,'d008'),(15049,'d009'),(15050,'d004'),(15051,'d005'),(15052,'d004'),(15053,'d007'),(15054,'d008'),(15055,'d008'),(15056,'d004'),(15057,'d005'),(15057,'d008'),(15058,'d002'),(15059,'d009'),(15060,'d005'),(15061,'d004'),(15062,'d007'),(15063,'d005'),(15064,'d007'),(15065,'d003'),(15066,'d005'),(15067,'d002'),(15068,'d005'),(15068,'d009'),(15069,'d004'),(15070,'d009'),(15071,'d007'),(15072,'d004'),(15073,'d006'),(15074,'d004'),(15075,'d004'),(15076,'d004'),(15076,'d008'),(15077,'d004'),(15078,'d005'),(15079,'d004'),(15080,'d004'),(15081,'d005'),(15082,'d005'),(15083,'d006'),(15084,'d004'),(15084,'d005'),(15085,'d005'),(15086,'d009'),(15087,'d004'),(15088,'d005'),(15089,'d005'),(15090,'d005'),(15091,'d001'),(15092,'d009'),(15093,'d005'),(15094,'d001'),(15095,'d001'),(15095,'d007'),(15096,'d003'),(15097,'d007'),(15098,'d005'),(15099,'d007'),(15100,'d007'),(15101,'d004'),(15102,'d004'),(15103,'d005'),(15104,'d006'),(15105,'d001'),(15105,'d007'),(15106,'d005'),(15107,'d006'),(15108,'d005'),(15109,'d004'),(15110,'d007'),(15111,'d004'),(15112,'d003'),(15113,'d007'),(15114,'d005'),(15115,'d004'),(15115,'d005'),(15116,'d004'),(15117,'d004'),(15118,'d004'),(15119,'d008'),(15120,'d007'),(15121,'d005'),(15122,'d005'),(15123,'d005'),(15123,'d008'),(15124,'d003'),(15125,'d003'),(15126,'d004'),(15127,'d007'),(15128,'d001'),(15129,'d005'),(15130,'d007'),(15131,'d001'),(15132,'d004'),(15132,'d005'),(15133,'d005'),(15134,'d007'),(15135,'d004'),(15136,'d002'),(15137,'d002'),(15138,'d005'),(15139,'d007'),(15140,'d003'),(15141,'d004'),(15141,'d008'),(15142,'d005'),(15143,'d007'),(15144,'d008'),(15145,'d004'),(15146,'d004'),(15147,'d005'),(15148,'d004'),(15149,'d005'),(15150,'d005'),(15151,'d001'),(15151,'d007'),(15152,'d005'),(15153,'d005'),(15154,'d004'),(15155,'d006'),(15156,'d005'),(15157,'d001'),(15158,'d005'),(15159,'d002'),(15160,'d004'),(15160,'d006'),(15161,'d007'),(15162,'d005'),(15163,'d005'),(15164,'d005'),(15165,'d004'),(15166,'d005'),(15167,'d008'),(15168,'d002'),(15169,'d004'),(15170,'d001'),(15170,'d007'),(15171,'d001'),(15172,'d005'),(15173,'d005'),(15174,'d001'),(15175,'d004'),(15176,'d007'),(15177,'d009'),(15178,'d002'),(15178,'d003'),(15179,'d005'),(15180,'d006'),(15181,'d007'),(15182,'d003'),(15183,'d001'),(15184,'d007'),(15185,'d005'),(15186,'d005'),(15186,'d008'),(15187,'d005'),(15188,'d007'),(15189,'d005'),(15190,'d003'),(15191,'d005'),(15192,'d005'),(15193,'d005'),(15194,'d004'),(15194,'d005'),(15195,'d004'),(15196,'d005'),(15197,'d004'),(15198,'d004'),(15199,'d004'),(15200,'d004'),(15201,'d006'),(15202,'d004'),(15202,'d005'),(15203,'d007'),(15204,'d006'),(15205,'d005'),(15206,'d007'),(15207,'d004'),(15208,'d008'),(15209,'d007'),(15210,'d007'),(15211,'d005'),(15212,'d005'),(15212,'d008'),(15213,'d007'),(15214,'d007'),(15215,'d005'),(15216,'d001'),(15217,'d001'),(15218,'d002'),(15219,'d008'),(15220,'d004'),(15221,'d007'),(15222,'d004'),(15222,'d009'),(15223,'d007'),(15224,'d005'),(15225,'d003'),(15226,'d005'),(15227,'d007'),(15228,'d003'),(15229,'d005'),(15230,'d005'),(15231,'d005'),(15232,'d004'),(15232,'d006'),(15233,'d004'),(15234,'d005'),(15235,'d008'),(15236,'d005'),(15237,'d005'),(15238,'d002'),(15239,'d005'),(15240,'d005'),(15241,'d006'),(15242,'d001'),(15242,'d007'),(15243,'d002'),(15244,'d005'),(15245,'d003'),(15246,'d006'),(15247,'d001'),(15248,'d001'),(15249,'d005'),(15250,'d004'),(15251,'d003'),(15252,'d004'),(15252,'d005'),(15253,'d004'),(15254,'d005'),(15255,'d004'),(15256,'d005'),(15257,'d002'),(15258,'d004'),(15259,'d004'),(15260,'d005'),(15261,'d002'),(15262,'d005'),(15262,'d008'),(15263,'d007'),(15264,'d007'),(15265,'d005'),(15266,'d003'),(15267,'d005'),(15268,'d007'),(15269,'d004'),(15270,'d009'),(15271,'d007'),(15272,'d004'),(15273,'d001'),(15273,'d009'),(15274,'d005'),(15275,'d008'),(15276,'d004'),(15277,'d007'),(15278,'d009'),(15279,'d001'),(15280,'d005'),(15281,'d005'),(15282,'d004'),(15282,'d006'),(15283,'d004'),(15284,'d007'),(15285,'d005'),(15286,'d005'),(15287,'d004'),(15288,'d002'),(15289,'d005'),(15290,'d004'),(15291,'d005'),(15292,'d007'),(15293,'d004'),(15293,'d009'),(15294,'d005'),(15295,'d004'),(15296,'d005'),(15297,'d005'),(15298,'d005'),(15299,'d005'),(15300,'d004'),(15301,'d005'),(15302,'d005'),(15302,'d009'),(15303,'d005'),(15304,'d007'),(15305,'d005'),(15306,'d007'),(15307,'d007'),(15308,'d004'),(15309,'d008'),(15310,'d001'),(15311,'d004'),(15312,'d004'),(15312,'d009'),(15313,'d007'),(15314,'d004'),(15315,'d002'),(15316,'d009'),(15317,'d005'),(15318,'d004'),(15319,'d005'),(15320,'d008'),(15321,'d005'),(15322,'d005'),(15323,'d005'),(15323,'d008'),(15324,'d004'),(15325,'d005'),(15326,'d007'),(15327,'d004'),(15328,'d006'),(15329,'d005'),(15330,'d007'),(15331,'d002'),(15331,'d003'),(15332,'d003'),(15333,'d007'),(15334,'d005'),(15335,'d008'),(15336,'d003'),(15337,'d006'),(15338,'d001'),(15339,'d005'),(15340,'d006'),(15341,'d001'),(15341,'d007'),(15342,'d002'),(15343,'d006'),(15344,'d004'),(15345,'d004'),(15346,'d005'),(15347,'d007'),(15348,'d005'),(15349,'d005'),(15350,'d001'),(15351,'d001'),(15351,'d009'),(15352,'d004'),(15353,'d005'),(15354,'d009'),(15355,'d004'),(15356,'d005'),(15357,'d004'),(15358,'d004'),(15359,'d007'),(15360,'d001'),(15360,'d007'),(15361,'d005'),(15362,'d005'),(15363,'d009'),(15364,'d007'),(15365,'d005'),(15366,'d005'),(15367,'d007'),(15368,'d004'),(15369,'d007'),(15370,'d005'),(15370,'d008'),(15371,'d007'),(15372,'d007'),(15373,'d001'),(15374,'d003'),(15375,'d002'),(15376,'d008'),(15377,'d005'),(15378,'d007'),(15379,'d004'),(15380,'d005'),(15380,'d008'),(15381,'d007'),(15382,'d007'),(15383,'d005'),(15384,'d004'),(15385,'d005'),(15386,'d001'),(15387,'d004'),(15388,'d007'),(15389,'d009'),(15390,'d005'),(15391,'d004'),(15391,'d009'),(15392,'d005'),(15393,'d002'),(15394,'d007'),(15395,'d009'),(15396,'d005'),(15397,'d005'),(15398,'d004'),(15399,'d004'),(15400,'d005'),(15400,'d009'),(15401,'d005'),(15402,'d003'),(15403,'d009'),(15404,'d007'),(15405,'d005'),(15406,'d005'),(15407,'d004'),(15408,'d008'),(15409,'d006'),(15410,'d001'),(15410,'d007'),(15411,'d005'),(15412,'d005'),(15413,'d005'),(15414,'d005'),(15415,'d007'),(15416,'d001'),(15417,'d002'),(15418,'d007'),(15419,'d008'),(15420,'d005'),(15420,'d009'),(15421,'d005'),(15422,'d005'),(15423,'d005'),(15424,'d004'),(15425,'d005'),(15426,'d004'),(15427,'d005'),(15428,'d004'),(15429,'d005'),(15429,'d008'),(15430,'d005'),(15431,'d005'),(15432,'d007'),(15433,'d005'),(15434,'d005'),(15435,'d004'),(15436,'d002'),(15437,'d004'),(15438,'d002'),(15439,'d004'),(15439,'d006'),(15440,'d002'),(15441,'d008'),(15442,'d004'),(15443,'d005'),(15444,'d004'),(15445,'d005'),(15446,'d004'),(15447,'d003'),(15448,'d008'),(15449,'d001'),(15449,'d009'),(15450,'d005'),(15451,'d005'),(15452,'d005'),(15453,'d004'),(15454,'d007'),(15455,'d008'),(15456,'d004'),(15457,'d004'),(15457,'d008'),(15458,'d005'),(15459,'d005'),(15460,'d005'),(15461,'d003'),(15462,'d004'),(15463,'d005'),(15464,'d008'),(15465,'d004'),(15465,'d009'),(15466,'d007'),(15467,'d002'),(15468,'d004'),(15469,'d007'),(15470,'d004'),(15471,'d008'),(15472,'d005'),(15473,'d001'),(15473,'d003'),(15474,'d007'),(15475,'d002'),(15476,'d005'),(15477,'d004'),(15478,'d007'),(15479,'d004'),(15480,'d005'),(15481,'d001'),(15482,'d005'),(15483,'d001'),(15483,'d003'),(15484,'d004'),(15485,'d004'),(15486,'d005'),(15487,'d005'),(15488,'d004'),(15489,'d007'),(15490,'d006'),(15491,'d004'),(15491,'d006'),(15492,'d002'),(15493,'d007'),(15494,'d005'),(15495,'d007'),(15496,'d005'),(15497,'d005'),(15498,'d004'),(15499,'d007'),(15499,'d009'),(15500,'d005'),(15501,'d007'),(15502,'d005'),(15503,'d007'),(15504,'d005'),(15505,'d004'),(15506,'d007'),(15507,'d007'),(15508,'d005'),(15508,'d008'),(15509,'d004'),(15510,'d005'),(15511,'d007'),(15512,'d005'),(15513,'d002'),(15514,'d004'),(15515,'d004'),(15516,'d004'),(15516,'d006'),(15517,'d006'),(15518,'d005'),(15519,'d005'),(15520,'d004'),(15521,'d007'),(15522,'d002'),(15523,'d004'),(15524,'d003'),(15525,'d005'),(15526,'d006'),(15527,'d004'),(15527,'d005'),(15528,'d009'),(15529,'d007'),(15530,'d004'),(15531,'d004'),(15532,'d004'),(15533,'d007'),(15534,'d002'),(15535,'d004'),(15536,'d008'),(15537,'d004'),(15537,'d005'),(15538,'d005'),(15539,'d007'),(15540,'d005'),(15541,'d005'),(15542,'d005'),(15543,'d004'),(15544,'d001'),(15545,'d005'),(15546,'d007'),(15547,'d005'),(15548,'d005'),(15548,'d008'),(15549,'d001'),(15550,'d004'),(15551,'d004'),(15552,'d006'),(15553,'d008'),(15554,'d008'),(15555,'d004'),(15556,'d004'),(15557,'d005'),(15558,'d001'),(15558,'d007'),(15559,'d009'),(15560,'d005'),(15561,'d005'),(15562,'d005'),(15563,'d009'),(15564,'d002'),(15565,'d001'),(15566,'d007'),(15567,'d005'),(15568,'d004'),(15568,'d005'),(15569,'d003'),(15570,'d005'),(15571,'d005'),(15572,'d009'),(15573,'d005'),(15574,'d002'),(15575,'d008'),(15576,'d009'),(15577,'d007'),(15578,'d002'),(15579,'d004'),(15579,'d006'),(15580,'d001'),(15581,'d005'),(15582,'d004'),(15583,'d007'),(15584,'d008'),(15585,'d005'),(15586,'d006'),(15587,'d004'),(15587,'d006'),(15588,'d004'),(15589,'d005'),(15590,'d007'),(15591,'d008'),(15592,'d005'),(15593,'d001'),(15594,'d005'),(15595,'d004'),(15595,'d005'),(15596,'d007'),(15597,'d002'),(15598,'d007'),(15599,'d008'),(15600,'d004'),(15601,'d007'),(15602,'d001'),(15603,'d004'),(15604,'d002'),(15604,'d003'),(15605,'d007'),(15606,'d005'),(15607,'d007'),(15608,'d006'),(15609,'d004'),(15610,'d006'),(15611,'d005'),(15612,'d005'),(15613,'d005'),(15614,'d007'),(15615,'d005'),(15615,'d009'),(15616,'d004'),(15617,'d008'),(15618,'d004'),(15619,'d005'),(15620,'d007'),(15621,'d006'),(15622,'d007'),(15623,'d005'),(15624,'d005'),(15625,'d004'),(15625,'d005'),(15626,'d005'),(15627,'d005'),(15628,'d005'),(15629,'d001'),(15630,'d005'),(15631,'d005'),(15632,'d005'),(15633,'d001'),(15633,'d003'),(15634,'d005'),(15635,'d001'),(15636,'d003'),(15637,'d002'),(15638,'d002'),(15639,'d004'),(15640,'d004'),(15641,'d007'),(15642,'d005'),(15643,'d004'),(15643,'d005'),(15644,'d007'),(15645,'d001'),(15646,'d007'),(15647,'d005'),(15648,'d006'),(15649,'d002'),(15650,'d004'),(15651,'d004'),(15652,'d007'),(15652,'d009'),(15653,'d001'),(15654,'d005'),(15655,'d001'),(15656,'d001'),(15657,'d004'),(15658,'d001'),(15659,'d007'),(15660,'d005'),(15661,'d003'),(15662,'d004'),(15662,'d008'),(15663,'d004'),(15664,'d005'),(15665,'d004'),(15666,'d005'),(15667,'d001'),(15668,'d005'),(15669,'d004'),(15670,'d004'),(15671,'d004'),(15671,'d006'),(15672,'d005'),(15673,'d004'),(15674,'d007'),(15675,'d005'),(15676,'d005'),(15677,'d004'),(15678,'d009'),(15679,'d009'),(15680,'d007'),(15680,'d009'),(15681,'d007'),(15682,'d006'),(15683,'d005'),(15684,'d006'),(15685,'d005'),(15686,'d004'),(15687,'d002'),(15688,'d005'),(15689,'d004'),(15689,'d005'),(15690,'d002'),(15691,'d004'),(15692,'d005'),(15693,'d002'),(15694,'d005'),(15695,'d004'),(15696,'d005'),(15697,'d006'),(15698,'d002'),(15698,'d003'),(15699,'d004'),(15700,'d003'),(15701,'d001'),(15702,'d007'),(15703,'d005'),(15704,'d005'),(15705,'d003'),(15706,'d002'),(15707,'d002'),(15707,'d007'),(15708,'d007'),(15709,'d007'),(15710,'d004'),(15711,'d004'),(15712,'d006'),(15713,'d004'),(15714,'d004'),(15715,'d001'),(15715,'d007'),(15716,'d007'),(15717,'d001'),(15718,'d007'),(15719,'d004'),(15720,'d004'),(15721,'d004'),(15722,'d004'),(15723,'d008'),(15724,'d006'),(15725,'d002'),(15725,'d007'),(15726,'d001'),(15727,'d004'),(15728,'d009'),(15729,'d007'),(15730,'d009'),(15731,'d004'),(15732,'d004'),(15733,'d009'),(15734,'d004'),(15734,'d005'),(15735,'d002'),(15736,'d002'),(15737,'d005'),(15738,'d004'),(15739,'d005'),(15740,'d007'),(15741,'d005'),(15742,'d006'),(15743,'d005'),(15744,'d004'),(15745,'d005'),(15745,'d008'),(15746,'d005'),(15747,'d005'),(15748,'d004'),(15749,'d005'),(15750,'d004'),(15751,'d004'),(15752,'d009'),(15753,'d004'),(15753,'d006'),(15754,'d006'),(15755,'d005'),(15756,'d007'),(15757,'d005'),(15758,'d009'),(15759,'d001'),(15760,'d007'),(15761,'d007'),(15762,'d002'),(15763,'d001'),(15763,'d007'),(15764,'d009'),(15765,'d005'),(15766,'d005'),(15767,'d004'),(15768,'d004'),(15769,'d001'),(15770,'d004'),(15771,'d004'),(15771,'d006'),(15772,'d002'),(15773,'d002'),(15774,'d004'),(15775,'d001'),(15776,'d007'),(15777,'d005'),(15778,'d003'),(15779,'d006'),(15780,'d004'),(15780,'d005'),(15781,'d002'),(15782,'d007'),(15783,'d007'),(15784,'d001'),(15785,'d009'),(15786,'d006'),(15787,'d006'),(15788,'d004'),(15789,'d001'),(15790,'d007'),(15791,'d004'),(15791,'d009'),(15792,'d005'),(15793,'d001'),(15794,'d006'),(15795,'d004'),(15796,'d004'),(15797,'d004'),(15798,'d006'),(15799,'d007'),(15800,'d004'),(15801,'d005'),(15801,'d008'),(15802,'d002'),(15803,'d004'),(15804,'d002'),(15805,'d007'),(15806,'d006'),(15807,'d006'),(15808,'d007'),(15809,'d002'),(15810,'d004'),(15810,'d005'),(15811,'d002'),(15812,'d007'),(15813,'d007'),(15814,'d005'),(15815,'d005'),(15816,'d005'),(15817,'d005'),(15818,'d005'),(15819,'d001'),(15819,'d007'),(15820,'d005'),(15821,'d005'),(15822,'d005'),(15823,'d009'),(15824,'d004'),(15825,'d004'),(15826,'d006'),(15827,'d004'),(15828,'d006'),(15829,'d004'),(15829,'d005'),(15830,'d002'),(15831,'d005'),(15832,'d003'),(15833,'d005'),(15834,'d003'),(15835,'d005'),(15836,'d007'),(15837,'d007'),(15837,'d009'),(15838,'d007'),(15839,'d007'),(15840,'d007'),(15841,'d005'),(15842,'d004'),(15843,'d009'),(15844,'d005'),(15845,'d005'),(15845,'d008'),(15846,'d004'),(15847,'d008'),(15848,'d005'),(15849,'d004'),(15850,'d004'),(15851,'d004'),(15852,'d004'),(15853,'d002'),(15854,'d005'),(15855,'d004'),(15855,'d009'),(15856,'d003'),(15857,'d007'),(15858,'d003'),(15859,'d001'),(15860,'d005'),(15861,'d001'),(15862,'d005'),(15863,'d009'),(15864,'d006'),(15865,'d004'),(15866,'d004'),(15866,'d006'),(15867,'d005'),(15868,'d005'),(15869,'d004'),(15870,'d008'),(15871,'d005'),(15872,'d004'),(15873,'d007'),(15874,'d004'),(15875,'d007'),(15875,'d009'),(15876,'d005'),(15877,'d004'),(15878,'d007'),(15879,'d005'),(15880,'d004'),(15881,'d004'),(15882,'d001'),(15883,'d005'),(15884,'d009'),(15885,'d004'),(15885,'d005'),(15886,'d004'),(15887,'d005'),(15888,'d002'),(15889,'d005'),(15890,'d003'),(15891,'d004'),(15892,'d004'),(15893,'d004'),(15893,'d005'),(15894,'d005'),(15895,'d002'),(15896,'d007'),(15897,'d005'),(15898,'d001'),(15899,'d005'),(15900,'d002'),(15901,'d004'),(15901,'d006'),(15902,'d008'),(15903,'d005'),(15904,'d007'),(15905,'d004'),(15906,'d004'),(15907,'d009'),(15908,'d006'),(15909,'d005'),(15910,'d009'),(15911,'d004'),(15911,'d009'),(15912,'d007'),(15913,'d005'),(15914,'d009'),(15915,'d009'),(15916,'d006'),(15917,'d005'),(15918,'d007'),(15919,'d005'),(15920,'d005'),(15921,'d001'),(15921,'d007'),(15922,'d007'),(15923,'d006'),(15924,'d004'),(15925,'d007'),(15926,'d005'),(15927,'d004'),(15928,'d005'),(15929,'d001'),(15930,'d004'),(15931,'d005'),(15932,'d001'),(15932,'d007'),(15933,'d009'),(15934,'d004'),(15935,'d004'),(15936,'d001'),(15937,'d002'),(15938,'d007'),(15939,'d004'),(15940,'d004'),(15941,'d005'),(15942,'d004'),(15943,'d004'),(15943,'d006'),(15944,'d008'),(15945,'d004'),(15946,'d004'),(15947,'d004'),(15948,'d005'),(15949,'d005'),(15950,'d009'),(15951,'d006'),(15952,'d004'),(15952,'d009'),(15953,'d007'),(15954,'d006'),(15955,'d004'),(15956,'d001'),(15957,'d004'),(15958,'d007'),(15959,'d008'),(15960,'d005'),(15961,'d004'),(15961,'d005'),(15962,'d008'),(15963,'d003'),(15964,'d008'),(15965,'d002'),(15966,'d005'),(15967,'d007'),(15968,'d005'),(15969,'d007'),(15970,'d005'),(15970,'d006'),(15971,'d005'),(15972,'d004'),(15973,'d004'),(15974,'d001'),(15975,'d004'),(15976,'d009'),(15977,'d008'),(15978,'d004'),(15978,'d006'),(15979,'d004'),(15980,'d007'),(15981,'d005'),(15982,'d005'),(15983,'d008'),(15984,'d006'),(15985,'d002'),(15986,'d002'),(15987,'d007'),(15988,'d008'),(15989,'d004'),(15989,'d006'),(15990,'d004'),(15991,'d005'),(15992,'d005'),(15993,'d005'),(15994,'d005'),(15995,'d006'),(15996,'d009'),(15997,'d005'),(15998,'d003'),(15999,'d004'),(15999,'d006'),(16000,'d004'),(16001,'d007'),(16002,'d005'),(16003,'d005'),(16004,'d001'),(16005,'d007'),(16006,'d007'),(16007,'d005'),(16008,'d004'),(16009,'d004'),(16010,'d005'),(16010,'d008'),(16011,'d009'),(16012,'d001'),(16013,'d001'),(16014,'d007'),(16015,'d004'),(16016,'d008'),(16017,'d002'),(16018,'d004'),(16019,'d005'),(16019,'d008'),(16020,'d001'),(16021,'d005'),(16022,'d005'),(16023,'d005'),(16024,'d005'),(16025,'d005'),(16026,'d005'),(16027,'d005'),(16028,'d004'),(16029,'d004'),(16029,'d009'),(16030,'d001'),(16031,'d007'),(16032,'d004'),(16033,'d002'),(16034,'d007'),(16035,'d005'),(16036,'d007'),(16037,'d004'),(16038,'d009'),(16039,'d004'),(16039,'d009'),(16040,'d004'),(16041,'d004'),(16042,'d001'),(16043,'d004'),(16044,'d009'),(16045,'d004'),(16046,'d005'),(16047,'d006'),(16048,'d002'),(16049,'d007'),(16050,'d001'),(16050,'d009'),(16051,'d007'),(16052,'d005'),(16053,'d005'),(16054,'d005'),(16055,'d004'),(16056,'d005'),(16057,'d004'),(16058,'d001'),(16059,'d004'),(16060,'d008'),(16061,'d004'),(16061,'d009'),(16062,'d007'),(16063,'d008'),(16064,'d006'),(16065,'d003'),(16066,'d007'),(16067,'d004'),(16068,'d002'),(16069,'d006'),(16070,'d004'),(16070,'d005'),(16071,'d007'),(16072,'d009'),(16073,'d005'),(16074,'d005'),(16075,'d005'),(16076,'d005'),(16077,'d005'),(16078,'d006'),(16079,'d005'),(16079,'d008'),(16080,'d005'),(16081,'d005'),(16082,'d005'),(16083,'d002'),(16084,'d005'),(16085,'d004'),(16086,'d005'),(16087,'d004'),(16087,'d005'),(16088,'d004'),(16089,'d004'),(16090,'d008'),(16091,'d005'),(16092,'d003'),(16093,'d004'),(16094,'d005'),(16095,'d004'),(16096,'d004'),(16096,'d006'),(16097,'d005'),(16098,'d004'),(16099,'d003'),(16100,'d002'),(16101,'d009'),(16102,'d006'),(16103,'d005'),(16104,'d005'),(16104,'d008'),(16105,'d007'),(16106,'d005'),(16107,'d007'),(16108,'d003'),(16109,'d005'),(16110,'d005'),(16111,'d004'),(16112,'d007'),(16112,'d009'),(16113,'d007'),(16114,'d004'),(16115,'d007'),(16116,'d004'),(16117,'d007'),(16118,'d009'),(16119,'d004'),(16120,'d001'),(16121,'d009'),(16122,'d005'),(16122,'d008'),(16123,'d005'),(16124,'d005'),(16125,'d005'),(16126,'d009'),(16127,'d004'),(16128,'d005'),(16129,'d001'),(16130,'d005'),(16131,'d005'),(16132,'d005'),(16132,'d006'),(16133,'d004'),(16134,'d005'),(16135,'d005'),(16136,'d005'),(16137,'d003'),(16138,'d001'),(16139,'d004'),(16140,'d002'),(16141,'d004'),(16142,'d004'),(16142,'d008'),(16143,'d004'),(16144,'d008'),(16145,'d008'),(16146,'d005'),(16147,'d008'),(16148,'d004'),(16149,'d007'),(16150,'d007'),(16151,'d004'),(16152,'d001'),(16153,'d007'),(16153,'d009'),(16154,'d006'),(16155,'d005'),(16156,'d007'),(16157,'d004'),(16158,'d005'),(16159,'d005'),(16160,'d008'),(16161,'d007'),(16162,'d005'),(16163,'d005'),(16164,'d004'),(16164,'d009'),(16165,'d004'),(16166,'d002'),(16167,'d004'),(16168,'d004'),(16169,'d004'),(16170,'d007'),(16171,'d005'),(16172,'d004'),(16173,'d001'),(16173,'d007'),(16174,'d005'),(16175,'d007'),(16176,'d005'),(16177,'d001'),(16178,'d009'),(16179,'d004'),(16180,'d004'),(16181,'d004'),(16182,'d004'),(16183,'d004'),(16183,'d009'),(16184,'d004'),(16185,'d005'),(16186,'d005'),(16187,'d004'),(16188,'d005'),(16189,'d005'),(16190,'d005'),(16191,'d004'),(16192,'d004'),(16192,'d009'),(16193,'d007'),(16194,'d007'),(16195,'d005'),(16196,'d005'),(16197,'d004'),(16198,'d004'),(16199,'d007'),(16200,'d003'),(16201,'d005'),(16202,'d004'),(16202,'d009'),(16203,'d004'),(16204,'d004'),(16205,'d007'),(16206,'d005'),(16207,'d004'),(16208,'d005'),(16209,'d004'),(16210,'d008'),(16211,'d005'),(16211,'d008'),(16212,'d005'),(16213,'d005'),(16214,'d006'),(16215,'d007'),(16216,'d005'),(16217,'d007'),(16218,'d005'),(16219,'d003'),(16220,'d009'),(16221,'d008'),(16222,'d005'),(16222,'d008'),(16223,'d005'),(16224,'d007'),(16225,'d007'),(16226,'d007'),(16227,'d004'),(16228,'d001'),(16229,'d009'),(16230,'d004'),(16230,'d009'),(16231,'d002'),(16232,'d005'),(16233,'d007'),(16234,'d009'),(16235,'d004'),(16236,'d004'),(16237,'d005'),(16238,'d001'),(16239,'d001'),(16240,'d004'),(16240,'d005'),(16241,'d005'),(16242,'d004'),(16243,'d001'),(16244,'d005'),(16245,'d007'),(16246,'d004'),(16247,'d002'),(16248,'d004'),(16249,'d006'),(16250,'d005'),(16250,'d008'),(16251,'d005'),(16252,'d004'),(16253,'d009'),(16254,'d002'),(16255,'d004'),(16256,'d007'),(16257,'d007'),(16258,'d001'),(16259,'d001'),(16260,'d004'),(16261,'d004'),(16261,'d005'),(16262,'d007'),(16263,'d003'),(16264,'d009'),(16265,'d003'),(16266,'d007'),(16267,'d002'),(16268,'d004'),(16269,'d007'),(16270,'d009'),(16271,'d005'),(16272,'d005'),(16272,'d008'),(16273,'d004'),(16274,'d002'),(16275,'d005'),(16276,'d005'),(16277,'d004'),(16278,'d004'),(16279,'d007'),(16280,'d005'),(16281,'d001'),(16282,'d002'),(16283,'d007'),(16283,'d009'),(16284,'d007'),(16285,'d007'),(16286,'d007'),(16287,'d004'),(16288,'d007'),(16289,'d007'),(16290,'d005'),(16291,'d004'),(16292,'d004'),(16292,'d006'),(16293,'d005'),(16294,'d002'),(16295,'d004'),(16296,'d005'),(16297,'d007'),(16298,'d005'),(16299,'d003'),(16300,'d004'),(16301,'d004'),(16302,'d006'),(16303,'d002'),(16303,'d003'),(16304,'d007'),(16305,'d005'),(16306,'d005'),(16307,'d007'),(16308,'d002'),(16309,'d005'),(16310,'d002'),(16311,'d005'),(16312,'d002'),(16313,'d004'),(16314,'d004'),(16314,'d006'),(16315,'d005'),(16316,'d005'),(16317,'d004'),(16318,'d003'),(16319,'d005'),(16320,'d009'),(16321,'d009'),(16322,'d007'),(16323,'d005'),(16324,'d003'),(16325,'d005'),(16325,'d008'),(16326,'d003'),(16327,'d004'),(16328,'d006'),(16329,'d004'),(16330,'d005'),(16331,'d007'),(16332,'d005'),(16333,'d001'),(16334,'d005'),(16335,'d009'),(16336,'d004'),(16336,'d005'),(16337,'d004'),(16338,'d007'),(16339,'d009'),(16340,'d005'),(16341,'d008'),(16342,'d008'),(16343,'d005'),(16344,'d004'),(16344,'d006'),(16345,'d005'),(16346,'d002'),(16347,'d004'),(16348,'d005'),(16349,'d002'),(16350,'d005'),(16351,'d008'),(16352,'d004'),(16352,'d005'),(16353,'d004'),(16354,'d004'),(16355,'d007'),(16356,'d001'),(16357,'d004'),(16358,'d005'),(16359,'d007'),(16360,'d004'),(16361,'d005'),(16361,'d009'),(16362,'d003'),(16363,'d004'),(16364,'d007'),(16365,'d008'),(16366,'d007'),(16367,'d007'),(16368,'d004'),(16369,'d005'),(16370,'d005'),(16371,'d001'),(16371,'d009'),(16372,'d007'),(16373,'d007'),(16374,'d004'),(16375,'d007'),(16376,'d006'),(16377,'d004'),(16378,'d007'),(16379,'d004'),(16379,'d006'),(16380,'d009'),(16381,'d005'),(16382,'d004'),(16383,'d004'),(16384,'d006'),(16385,'d004'),(16386,'d004'),(16387,'d002'),(16388,'d009'),(16389,'d001'),(16389,'d009'),(16390,'d004'),(16391,'d005'),(16392,'d003'),(16393,'d008'),(16394,'d003'),(16395,'d005'),(16396,'d007'),(16397,'d002'),(16398,'d007'),(16399,'d007'),(16399,'d009'),(16400,'d004'),(16401,'d003'),(16402,'d005'),(16403,'d007'),(16404,'d004'),(16405,'d004'),(16406,'d005'),(16407,'d002'),(16408,'d004'),(16409,'d006'),(16410,'d004'),(16410,'d006'),(16411,'d005'),(16412,'d004'),(16413,'d004'),(16414,'d005'),(16415,'d004'),(16416,'d005'),(16417,'d008'),(16418,'d004'),(16418,'d006'),(16419,'d005'),(16420,'d003'),(16421,'d007'),(16422,'d003'),(16423,'d001'),(16424,'d007'),(16425,'d004'),(16426,'d004'),(16427,'d004'),(16428,'d001'),(16428,'d007'),(16429,'d005'),(16430,'d005'),(16431,'d008'),(16432,'d004'),(16433,'d004'),(16434,'d005'),(16435,'d007'),(16436,'d004'),(16437,'d001'),(16437,'d007'),(16438,'d004'),(16439,'d005'),(16440,'d004'),(16441,'d007'),(16442,'d004'),(16443,'d002'),(16444,'d001'),(16445,'d004'),(16446,'d007'),(16447,'d004'),(16447,'d005'),(16448,'d005'),(16449,'d005'),(16450,'d006'),(16451,'d003'),(16452,'d005'),(16453,'d003'),(16454,'d005'),(16455,'d003'),(16456,'d004'),(16456,'d006'),(16457,'d004'),(16458,'d009'),(16459,'d008'),(16460,'d005'),(16461,'d007'),(16462,'d003'),(16463,'d008'),(16464,'d005'),(16465,'d006'),(16466,'d004'),(16467,'d005'),(16467,'d008'),(16468,'d005'),(16469,'d005'),(16470,'d005'),(16471,'d008'),(16472,'d005'),(16473,'d009'),(16474,'d007'),(16475,'d002'),(16475,'d007'),(16476,'d004'),(16477,'d007'),(16478,'d002'),(16479,'d002'),(16480,'d007'),(16481,'d001'),(16482,'d002'),(16483,'d004'),(16484,'d007'),(16484,'d009'),(16485,'d007'),(16486,'d008'),(16487,'d007'),(16488,'d008'),(16489,'d004'),(16490,'d007'),(16491,'d009'),(16492,'d004'),(16493,'d001'),(16493,'d009'),(16494,'d004'),(16495,'d007'),(16496,'d008'),(16497,'d009'),(16498,'d003'),(16499,'d004'),(16500,'d007'),(16501,'d008'),(16502,'d007'),(16502,'d009'),(16503,'d009'),(16504,'d005'),(16505,'d005'),(16506,'d009'),(16507,'d002'),(16508,'d008'),(16509,'d005'),(16510,'d009'),(16511,'d002'),(16512,'d001'),(16512,'d009'),(16513,'d007'),(16514,'d005'),(16515,'d009'),(16516,'d002'),(16517,'d009'),(16518,'d004'),(16519,'d004'),(16520,'d005'),(16521,'d006'),(16522,'d001'),(16523,'d007'),(16523,'d009'),(16524,'d008'),(16525,'d004'),(16526,'d005'),(16527,'d008'),(16528,'d004'),(16529,'d001'),(16530,'d009'),(16531,'d001'),(16531,'d009'),(16532,'d005'),(16533,'d004'),(16534,'d002'),(16535,'d004'),(16536,'d004'),(16537,'d005'),(16538,'d007'),(16539,'d004'),(16540,'d007'),(16540,'d009'),(16541,'d003'),(16542,'d009'),(16543,'d004'),(16544,'d008'),(16545,'d005'),(16546,'d005'),(16547,'d004'),(16548,'d004'),(16549,'d002'),(16550,'d009'),(16551,'d005'),(16551,'d008'),(16552,'d004'),(16553,'d002'),(16554,'d006'),(16555,'d006'),(16556,'d005'),(16557,'d005'),(16558,'d007'),(16559,'d005'),(16560,'d008'),(16561,'d005'),(16561,'d008'),(16562,'d002'),(16563,'d005'),(16564,'d007'),(16565,'d005'),(16566,'d005'),(16567,'d009'),(16568,'d002'),(16569,'d005'),(16569,'d009'),(16570,'d004'),(16571,'d004'),(16572,'d005'),(16573,'d005'),(16574,'d007'),(16575,'d002'),(16576,'d004'),(16577,'d004'),(16578,'d004'),(16578,'d009'),(16579,'d005'),(16580,'d006'),(16581,'d007'),(16582,'d009'),(16583,'d007'),(16584,'d007'),(16585,'d001'),(16586,'d003'),(16587,'d001'),(16587,'d003'),(16588,'d003'),(16589,'d004'),(16590,'d007'),(16591,'d008'),(16592,'d005'),(16593,'d005'),(16594,'d007'),(16595,'d002'),(16596,'d004'),(16596,'d008'),(16597,'d002'),(16598,'d005'),(16599,'d005'),(16600,'d008'),(16601,'d004'),(16602,'d001'),(16603,'d005'),(16604,'d004'),(16604,'d006'),(16605,'d009'),(16606,'d001'),(16607,'d007'),(16608,'d005'),(16609,'d001'),(16610,'d008'),(16611,'d004'),(16612,'d005'),(16613,'d007'),(16614,'d005'),(16614,'d008'),(16615,'d003'),(16616,'d004'),(16617,'d006'),(16618,'d007'),(16619,'d005'),(16620,'d007'),(16621,'d005'),(16622,'d003'),(16623,'d005'),(16623,'d009'),(16624,'d009'),(16625,'d004'),(16626,'d008'),(16627,'d005'),(16628,'d005'),(16629,'d006'),(16630,'d006'),(16631,'d004'),(16632,'d004'),(16632,'d006'),(16633,'d002'),(16634,'d009'),(16635,'d004'),(16636,'d005'),(16637,'d004'),(16638,'d001'),(16639,'d005'),(16640,'d002'),(16640,'d007'),(16641,'d007'),(16642,'d009'),(16643,'d003'),(16644,'d005'),(16645,'d007'),(16646,'d005'),(16647,'d007'),(16648,'d007'),(16649,'d004'),(16649,'d006'),(16650,'d007'),(16651,'d007'),(16652,'d003'),(16653,'d002'),(16654,'d007'),(16655,'d005'),(16656,'d003'),(16657,'d004'),(16658,'d008'),(16659,'d001'),(16659,'d007'),(16660,'d005'),(16661,'d005'),(16662,'d002'),(16663,'d005'),(16664,'d002'),(16665,'d001'),(16666,'d003'),(16667,'d007'),(16668,'d007'),(16669,'d004'),(16669,'d005'),(16670,'d006'),(16671,'d007'),(16672,'d007'),(16673,'d005'),(16674,'d005'),(16675,'d006'),(16676,'d007'),(16677,'d005'),(16678,'d006'),(16679,'d005'),(16679,'d008'),(16680,'d004'),(16681,'d007'),(16682,'d002'),(16683,'d004'),(16684,'d006'),(16685,'d007'),(16686,'d008'),(16687,'d005'),(16688,'d009'),(16689,'d005'),(16689,'d008'),(16690,'d004'),(16691,'d004'),(16692,'d005'),(16693,'d007'),(16694,'d008'),(16695,'d009'),(16696,'d006'),(16697,'d005'),(16698,'d004'),(16699,'d007'),(16700,'d007'),(16700,'d009'),(16701,'d003'),(16702,'d001'),(16703,'d004'),(16704,'d001'),(16705,'d007'),(16706,'d004'),(16707,'d004'),(16708,'d003'),(16709,'d006'),(16710,'d007'),(16711,'d004'),(16711,'d006'),(16712,'d007'),(16713,'d005'),(16714,'d007'),(16715,'d007'),(16716,'d005'),(16717,'d005'),(16718,'d003'),(16719,'d003'),(16720,'d003'),(16721,'d005'),(16722,'d007'),(16722,'d009'),(16723,'d009'),(16724,'d006'),(16725,'d005'),(16726,'d004'),(16727,'d005'),(16728,'d005'),(16729,'d002'),(16730,'d004'),(16730,'d006'),(16731,'d005'),(16732,'d005'),(16733,'d004'),(16734,'d007'),(16735,'d005'),(16736,'d005'),(16737,'d004'),(16738,'d005'),(16739,'d004'),(16740,'d002'),(16740,'d007'),(16741,'d005'),(16742,'d002'),(16743,'d006'),(16744,'d004'),(16745,'d007'),(16746,'d004'),(16747,'d004'),(16748,'d004'),(16748,'d009'),(16749,'d007'),(16750,'d007'),(16751,'d006'),(16752,'d004'),(16753,'d004'),(16754,'d002'),(16755,'d002'),(16756,'d001'),(16757,'d008'),(16758,'d005'),(16759,'d005'),(16759,'d008'),(16760,'d001'),(16761,'d001'),(16762,'d009'),(16763,'d007'),(16764,'d004'),(16765,'d004'),(16766,'d004'),(16767,'d004'),(16768,'d004'),(16768,'d005'),(16769,'d003'),(16770,'d004'),(16771,'d009'),(16772,'d007'),(16773,'d009'),(16774,'d007'),(16775,'d005'),(16776,'d009'),(16777,'d005'),(16777,'d008'),(16778,'d005'),(16779,'d001'),(16780,'d007'),(16781,'d005'),(16782,'d007'),(16783,'d009'),(16784,'d007'),(16785,'d003'),(16786,'d004'),(16786,'d009'),(16787,'d005'),(16788,'d007'),(16789,'d007'),(16790,'d004'),(16791,'d005'),(16792,'d004'),(16793,'d004'),(16794,'d008'),(16795,'d004'),(16795,'d006'),(16796,'d008'),(16797,'d004'),(16798,'d005'),(16799,'d005'),(16800,'d005'),(16801,'d005'),(16802,'d001'),(16803,'d005'),(16804,'d004'),(16805,'d004'),(16806,'d007'),(16806,'d009'),(16807,'d009'),(16808,'d007'),(16809,'d004'),(16810,'d004'),(16811,'d009'),(16812,'d005'),(16813,'d009'),(16814,'d005'),(16814,'d006'),(16815,'d004'),(16816,'d005'),(16817,'d005'),(16818,'d005'),(16819,'d003'),(16820,'d005'),(16821,'d007'),(16822,'d001'),(16822,'d009'),(16823,'d004'),(16824,'d007'),(16825,'d005'),(16826,'d008'),(16827,'d003'),(16828,'d005'),(16829,'d007'),(16830,'d005'),(16830,'d006'),(16831,'d002'),(16832,'d004'),(16833,'d005'),(16834,'d007'),(16835,'d005'),(16836,'d007'),(16837,'d002'),(16838,'d007'),(16839,'d005'),(16840,'d006'),(16841,'d005'),(16841,'d008'),(16842,'d004'),(16843,'d004'),(16844,'d007'),(16845,'d006'),(16846,'d004'),(16847,'d003'),(16848,'d001'),(16849,'d004'),(16850,'d005'),(16851,'d003'),(16852,'d004'),(16852,'d009'),(16853,'d007'),(16854,'d002'),(16855,'d007'),(16856,'d007'),(16857,'d004'),(16858,'d007'),(16859,'d002'),(16860,'d005'),(16861,'d004'),(16862,'d004'),(16862,'d009'),(16863,'d003'),(16864,'d004'),(16865,'d009'),(16866,'d007'),(16867,'d005'),(16868,'d002'),(16869,'d008'),(16870,'d007'),(16871,'d004'),(16872,'d004'),(16873,'d001'),(16873,'d007'),(16874,'d001'),(16875,'d005'),(16876,'d005'),(16877,'d004'),(16878,'d001'),(16879,'d009'),(16880,'d004'),(16881,'d004'),(16881,'d006'),(16882,'d001'),(16883,'d001'),(16884,'d004'),(16885,'d007'),(16886,'d007'),(16887,'d005'),(16888,'d006'),(16889,'d007'),(16890,'d008'),(16891,'d001'),(16891,'d007'),(16892,'d003'),(16893,'d007'),(16894,'d003'),(16895,'d003'),(16896,'d005'),(16897,'d006'),(16898,'d004'),(16899,'d001'),(16899,'d009'),(16900,'d005'),(16901,'d005'),(16902,'d005'),(16903,'d003'),(16904,'d005'),(16905,'d004'),(16906,'d006'),(16907,'d008'),(16908,'d007'),(16909,'d006'),(16910,'d005'),(16910,'d008'),(16911,'d006'),(16912,'d005'),(16913,'d004'),(16914,'d007'),(16915,'d005'),(16916,'d009'),(16917,'d001'),(16918,'d007'),(16919,'d004'),(16920,'d004'),(16920,'d006'),(16921,'d007'),(16922,'d005'),(16923,'d004'),(16924,'d005'),(16925,'d005'),(16926,'d009'),(16927,'d001'),(16928,'d007'),(16929,'d004'),(16929,'d006'),(16930,'d005'),(16931,'d002'),(16932,'d007'),(16933,'d001'),(16934,'d005'),(16935,'d005'),(16936,'d007'),(16937,'d004'),(16938,'d004'),(16938,'d009'),(16939,'d006'),(16940,'d004'),(16941,'d005'),(16942,'d003'),(16943,'d004'),(16944,'d007'),(16945,'d005'),(16946,'d004'),(16947,'d009'),(16948,'d004'),(16949,'d001'),(16949,'d009'),(16950,'d004'),(16951,'d005'),(16952,'d005'),(16953,'d005'),(16954,'d001'),(16955,'d008'),(16956,'d007'),(16957,'d009'),(16958,'d005'),(16959,'d004'),(16959,'d006'),(16960,'d007'),(16961,'d008'),(16962,'d005'),(16963,'d005'),(16964,'d008'),(16965,'d005'),(16966,'d005'),(16967,'d003'),(16968,'d005'),(16969,'d005'),(16970,'d007'),(16970,'d009'),(16971,'d004'),(16972,'d007'),(16973,'d001'),(16974,'d005'),(16975,'d007'),(16976,'d005'),(16977,'d006'),(16978,'d005'),(16979,'d005'),(16980,'d001'),(16980,'d007'),(16981,'d005'),(16982,'d004'),(16983,'d008'),(16984,'d005'),(16985,'d008'),(16986,'d004'),(16987,'d004'),(16988,'d002'),(16989,'d004'),(16989,'d009'),(16990,'d001'),(16991,'d009'),(16992,'d005'),(16993,'d007'),(16994,'d005'),(16995,'d002'),(16996,'d007'),(16997,'d004'),(16998,'d009'),(16999,'d004'),(16999,'d008'),(17000,'d004'),(17001,'d004'),(17002,'d005'),(17003,'d006'),(17004,'d004'),(17005,'d008'),(17006,'d007'),(17007,'d007'),(17008,'d004'),(17009,'d007'),(17010,'d002'),(17010,'d003'),(17011,'d007'),(17012,'d005'),(17013,'d002'),(17014,'d007'),(17015,'d004'),(17016,'d003'),(17017,'d004'),(17018,'d005'),(17019,'d001'),(17019,'d007'),(17020,'d004'),(17021,'d005'),(17022,'d005'),(17023,'d004'),(17024,'d004'),(17025,'d005'),(17026,'d007'),(17027,'d001'),(17028,'d005'),(17029,'d004'),(17030,'d001'),(17030,'d007'),(17031,'d002'),(17032,'d005'),(17033,'d005'),(17034,'d005'),(17035,'d007'),(17036,'d004'),(17037,'d002'),(17038,'d009'),(17039,'d007'),(17040,'d004'),(17040,'d005'),(17041,'d009'),(17042,'d007'),(17043,'d005'),(17044,'d004'),(17045,'d009'),(17046,'d005'),(17047,'d004'),(17048,'d006'),(17049,'d005'),(17050,'d005'),(17050,'d008'),(17051,'d004'),(17052,'d003'),(17053,'d005'),(17054,'d003'),(17055,'d005'),(17056,'d006'),(17057,'d009'),(17058,'d005'),(17059,'d004'),(17059,'d005'),(17060,'d004'),(17061,'d007'),(17062,'d009'),(17063,'d007'),(17064,'d007'),(17065,'d006'),(17066,'d005'),(17067,'d005'),(17068,'d005'),(17068,'d008'),(17069,'d007'),(17070,'d004'),(17071,'d005'),(17072,'d009'),(17073,'d004'),(17074,'d003'),(17075,'d001'),(17076,'d004'),(17076,'d006'),(17077,'d007'),(17078,'d009'),(17079,'d001'),(17080,'d004'),(17081,'d006'),(17082,'d005'),(17083,'d004'),(17084,'d005'),(17084,'d008'),(17085,'d005'),(17086,'d004'),(17087,'d003'),(17088,'d004'),(17089,'d007'),(17090,'d004'),(17091,'d004'),(17092,'d003'),(17093,'d004'),(17094,'d005'),(17094,'d008'),(17095,'d005'),(17096,'d004'),(17097,'d005'),(17098,'d005'),(17099,'d005'),(17100,'d004'),(17101,'d005'),(17102,'d007'),(17103,'d005'),(17103,'d008'),(17104,'d002'),(17105,'d007'),(17106,'d005'),(17107,'d005'),(17108,'d005'),(17109,'d007'),(17110,'d004'),(17111,'d004'),(17112,'d005'),(17112,'d008'),(17113,'d004'),(17114,'d008'),(17115,'d008'),(17116,'d004'),(17117,'d005'),(17118,'d005'),(17119,'d005'),(17120,'d003'),(17121,'d005'),(17122,'d004'),(17122,'d009'),(17123,'d007'),(17124,'d007'),(17125,'d006'),(17126,'d009'),(17127,'d004'),(17128,'d005'),(17129,'d008'),(17130,'d004'),(17130,'d006'),(17131,'d001'),(17132,'d003'),(17133,'d002'),(17134,'d008'),(17135,'d002'),(17136,'d004'),(17137,'d004'),(17138,'d005'),(17139,'d004'),(17140,'d005'),(17140,'d006'),(17141,'d005'),(17142,'d004'),(17143,'d004'),(17144,'d003'),(17145,'d004'),(17146,'d007'),(17147,'d003'),(17148,'d005'),(17149,'d001'),(17149,'d007'),(17150,'d004'),(17151,'d002'),(17152,'d007'),(17153,'d008'),(17154,'d009'),(17155,'d006'),(17156,'d005'),(17157,'d001'),(17158,'d004'),(17158,'d009'),(17159,'d005'),(17160,'d004'),(17161,'d003'),(17162,'d005'),(17163,'d005'),(17164,'d005'),(17165,'d005'),(17166,'d004'),(17166,'d009'),(17167,'d005'),(17168,'d004'),(17169,'d007'),(17170,'d007'),(17171,'d004'),(17172,'d005'),(17173,'d007'),(17174,'d005'),(17175,'d002'),(17176,'d001'),(17176,'d007'),(17177,'d005'),(17178,'d005'),(17179,'d005'),(17180,'d004'),(17181,'d002'),(17182,'d009'),(17183,'d004'),(17184,'d004'),(17185,'d007'),(17186,'d004'),(17186,'d009'),(17187,'d005'),(17188,'d005'),(17189,'d002'),(17190,'d004'),(17191,'d005'),(17192,'d007'),(17193,'d005'),(17194,'d001'),(17194,'d003'),(17195,'d004'),(17196,'d004'),(17197,'d007'),(17198,'d004'),(17199,'d008'),(17200,'d004'),(17201,'d003'),(17202,'d007'),(17203,'d004'),(17203,'d006'),(17204,'d009'),(17205,'d005'),(17206,'d004'),(17207,'d003'),(17208,'d007'),(17209,'d005'),(17210,'d002'),(17211,'d005'),(17211,'d008'),(17212,'d005'),(17213,'d001'),(17214,'d005'),(17215,'d004'),(17216,'d005'),(17217,'d003'),(17218,'d005'),(17219,'d004'),(17220,'d004'),(17221,'d001'),(17221,'d003'),(17222,'d005'),(17223,'d003'),(17224,'d004'),(17225,'d004'),(17226,'d005'),(17227,'d005'),(17228,'d004'),(17229,'d009'),(17230,'d002'),(17231,'d004'),(17231,'d006'),(17232,'d009'),(17233,'d004'),(17234,'d005'),(17235,'d005'),(17236,'d004'),(17237,'d004'),(17238,'d007'),(17239,'d009'),(17240,'d005'),(17241,'d005'),(17241,'d008'),(17242,'d005'),(17243,'d001'),(17244,'d004'),(17245,'d007'),(17246,'d004'),(17247,'d003'),(17248,'d005'),(17249,'d009'),(17250,'d005'),(17250,'d008'),(17251,'d007'),(17252,'d009'),(17253,'d005'),(17254,'d003'),(17255,'d007'),(17256,'d007'),(17257,'d004'),(17258,'d004'),(17258,'d009'),(17259,'d008'),(17260,'d005'),(17261,'d004'),(17262,'d006'),(17263,'d004'),(17264,'d005'),(17265,'d009'),(17266,'d007'),(17267,'d009'),(17268,'d005'),(17268,'d008'),(17269,'d008'),(17270,'d005'),(17271,'d005'),(17272,'d004'),(17273,'d004'),(17274,'d009'),(17275,'d007'),(17276,'d008'),(17277,'d005'),(17278,'d007'),(17279,'d007'),(17279,'d009'),(17280,'d004'),(17281,'d004'),(17282,'d004'),(17283,'d007'),(17284,'d003'),(17285,'d002'),(17286,'d005'),(17287,'d005'),(17288,'d005'),(17289,'d004'),(17289,'d006'),(17290,'d001'),(17291,'d007'),(17292,'d001'),(17293,'d005'),(17294,'d006'),(17295,'d007'),(17296,'d005'),(17297,'d005'),(17298,'d007'),(17299,'d006'),(17300,'d002'),(17300,'d007'),(17301,'d006'),(17302,'d003'),(17303,'d004'),(17304,'d004'),(17305,'d002'),(17306,'d008'),(17307,'d005'),(17308,'d008'),(17309,'d004'),(17310,'d004'),(17311,'d005'),(17311,'d008'),(17312,'d005'),(17313,'d005'),(17314,'d004'),(17315,'d004'),(17316,'d004'),(17317,'d005'),(17318,'d005'),(17319,'d008'),(17320,'d004'),(17320,'d006'),(17321,'d001'),(17322,'d005'),(17323,'d001'),(17324,'d003'),(17325,'d005'),(17326,'d005'),(17327,'d001'),(17328,'d007'),(17329,'d005'),(17329,'d008'),(17330,'d004'),(17331,'d005'),(17332,'d007'),(17333,'d004'),(17334,'d007'),(17335,'d007'),(17336,'d004'),(17337,'d004'),(17338,'d005'),(17339,'d004'),(17339,'d005'),(17340,'d002'),(17341,'d005'),(17342,'d005'),(17343,'d007'),(17344,'d005'),(17345,'d003'),(17346,'d005'),(17347,'d004'),(17348,'d004'),(17349,'d005'),(17350,'d004'),(17350,'d006'),(17351,'d001'),(17352,'d007'),(17353,'d007'),(17354,'d007'),(17355,'d005'),(17356,'d009'),(17357,'d005'),(17358,'d004'),(17359,'d005'),(17360,'d006'),(17361,'d005'),(17361,'d008'),(17362,'d009'),(17363,'d005'),(17364,'d004'),(17365,'d004'),(17366,'d004'),(17367,'d007'),(17368,'d005'),(17369,'d004'),(17369,'d005'),(17370,'d007'),(17371,'d008'),(17372,'d009'),(17373,'d004'),(17374,'d007'),(17375,'d002'),(17376,'d004'),(17377,'d007'),(17378,'d007'),(17379,'d004'),(17380,'d004'),(17380,'d009'),(17381,'d005'),(17382,'d005'),(17383,'d005'),(17384,'d008'),(17385,'d004'),(17386,'d004'),(17387,'d001'),(17388,'d007'),(17389,'d005'),(17390,'d004'),(17391,'d005'),(17391,'d008'),(17392,'d005'),(17393,'d004'),(17394,'d001'),(17395,'d005'),(17396,'d004'),(17397,'d006'),(17398,'d009'),(17399,'d007'),(17400,'d004'),(17400,'d009'),(17401,'d007'),(17402,'d005'),(17403,'d004'),(17404,'d006'),(17405,'d005'),(17406,'d002'),(17407,'d007'),(17408,'d004'),(17408,'d006'),(17409,'d002'),(17410,'d007'),(17411,'d005'),(17412,'d009'),(17413,'d005'),(17414,'d004'),(17415,'d006'),(17416,'d004'),(17417,'d005'),(17418,'d005'),(17419,'d004'),(17419,'d006'),(17420,'d007'),(17421,'d007'),(17422,'d005'),(17423,'d005'),(17424,'d005'),(17425,'d005'),(17426,'d002'),(17427,'d005'),(17428,'d002'),(17429,'d001'),(17429,'d007'),(17430,'d005'),(17431,'d005'),(17432,'d002'),(17433,'d005'),(17434,'d006'),(17435,'d002'),(17436,'d007'),(17437,'d004'),(17438,'d004'),(17439,'d004'),(17439,'d009'),(17440,'d007'),(17441,'d004'),(17442,'d005'),(17443,'d005'),(17444,'d009'),(17445,'d005'),(17446,'d007'),(17447,'d007'),(17448,'d004'),(17448,'d005'),(17449,'d004'),(17450,'d007'),(17451,'d002'),(17452,'d004'),(17453,'d005'),(17454,'d004'),(17455,'d005'),(17456,'d001'),(17456,'d007'),(17457,'d005'),(17458,'d005'),(17459,'d007'),(17460,'d004'),(17461,'d004'),(17462,'d007'),(17463,'d003'),(17464,'d005'),(17465,'d004'),(17466,'d001'),(17466,'d009'),(17467,'d007'),(17468,'d007'),(17469,'d007'),(17470,'d004'),(17471,'d006'),(17472,'d001'),(17473,'d009'),(17474,'d005'),(17474,'d008'),(17475,'d004'),(17476,'d005'),(17477,'d005'),(17478,'d008'),(17479,'d004'),(17480,'d006'),(17481,'d007'),(17482,'d007'),(17483,'d004'),(17483,'d005'),(17484,'d002'),(17485,'d001'),(17486,'d004'),(17487,'d005'),(17488,'d004'),(17489,'d003'),(17490,'d004'),(17491,'d008'),(17492,'d005'),(17492,'d008'),(17493,'d004'),(17494,'d004'),(17495,'d001'),(17496,'d006'),(17497,'d004'),(17498,'d004'),(17499,'d008'),(17500,'d004'),(17501,'d005'),(17502,'d003'),(17503,'d004'),(17503,'d009'),(17504,'d004'),(17505,'d004'),(17506,'d004'),(17507,'d002'),(17508,'d004'),(17509,'d005'),(17510,'d004'),(17511,'d006'),(17512,'d004'),(17512,'d005'),(17513,'d007'),(17514,'d004'),(17515,'d005'),(17516,'d004'),(17517,'d005'),(17518,'d004'),(17519,'d005'),(17520,'d005'),(17521,'d005'),(17522,'d004'),(17522,'d005'),(17523,'d008'),(17524,'d001'),(17525,'d004'),(17526,'d004'),(17527,'d006'),(17528,'d002'),(17529,'d001'),(17530,'d006'),(17531,'d006'),(17532,'d001'),(17533,'d005'),(17533,'d008'),(17534,'d007'),(17535,'d005'),(17536,'d007'),(17537,'d004'),(17538,'d007'),(17539,'d005'),(17540,'d005'),(17541,'d006'),(17542,'d005'),(17542,'d009'),(17543,'d002'),(17544,'d004'),(17545,'d007'),(17546,'d005'),(17547,'d004'),(17548,'d007'),(17549,'d005'),(17550,'d005'),(17551,'d004'),(17551,'d009'),(17552,'d002'),(17553,'d007'),(17554,'d008'),(17555,'d006'),(17556,'d002'),(17557,'d004'),(17558,'d002'),(17559,'d005'),(17559,'d008'),(17560,'d007'),(17561,'d009'),(17562,'d005'),(17563,'d008'),(17564,'d009'),(17565,'d003'),(17566,'d005'),(17567,'d005'),(17568,'d005'),(17569,'d002'),(17569,'d003'),(17570,'d004'),(17571,'d004'),(17572,'d005'),(17573,'d007'),(17574,'d004'),(17575,'d005'),(17576,'d006'),(17577,'d001'),(17578,'d004'),(17578,'d009'),(17579,'d005'),(17580,'d002'),(17581,'d008'),(17582,'d005'),(17583,'d004'),(17584,'d003'),(17585,'d009'),(17586,'d009'),(17587,'d002'),(17588,'d002'),(17588,'d003'),(17589,'d005'),(17590,'d004'),(17591,'d005'),(17592,'d008'),(17593,'d006'),(17594,'d007'),(17595,'d009'),(17596,'d004'),(17597,'d001'),(17597,'d009'),(17598,'d004'),(17599,'d007'),(17600,'d004'),(17601,'d004'),(17602,'d009'),(17603,'d009'),(17604,'d005'),(17605,'d005'),(17606,'d007'),(17607,'d001'),(17607,'d007'),(17608,'d007'),(17609,'d005'),(17610,'d005'),(17611,'d007'),(17612,'d006'),(17613,'d004'),(17614,'d004'),(17615,'d005'),(17616,'d007'),(17616,'d009'),(17617,'d005'),(17618,'d008'),(17619,'d003'),(17620,'d005'),(17621,'d005'),(17622,'d006'),(17623,'d005'),(17624,'d002'),(17624,'d003'),(17625,'d005'),(17626,'d004'),(17627,'d005'),(17628,'d001'),(17629,'d007'),(17630,'d005'),(17631,'d004'),(17632,'d007'),(17633,'d004'),(17633,'d006'),(17634,'d003'),(17635,'d004'),(17636,'d008'),(17637,'d004'),(17638,'d005'),(17639,'d009'),(17640,'d009'),(17641,'d007'),(17642,'d004'),(17642,'d005'),(17643,'d003'),(17644,'d007'),(17645,'d005'),(17646,'d007'),(17647,'d007'),(17648,'d005'),(17649,'d002'),(17650,'d004'),(17651,'d009'),(17652,'d004'),(17653,'d001'),(17653,'d009'),(17654,'d005'),(17655,'d005'),(17656,'d003'),(17657,'d004'),(17658,'d005'),(17659,'d003'),(17660,'d007'),(17661,'d005'),(17662,'d001'),(17662,'d007'),(17663,'d002'),(17664,'d004'),(17665,'d006'),(17666,'d007'),(17667,'d004'),(17668,'d001'),(17669,'d008'),(17670,'d007'),(17671,'d007'),(17672,'d004'),(17672,'d009'),(17673,'d005'),(17674,'d005'),(17675,'d007'),(17676,'d004'),(17677,'d005'),(17678,'d008'),(17679,'d005'),(17680,'d004'),(17681,'d007'),(17682,'d004'),(17683,'d001'),(17683,'d007'),(17684,'d004'),(17685,'d004'),(17686,'d003'),(17687,'d007'),(17688,'d004'),(17689,'d002'),(17690,'d007'),(17691,'d008'),(17692,'d008'),(17693,'d004'),(17693,'d005'),(17694,'d008'),(17695,'d007'),(17696,'d004'),(17697,'d006'),(17698,'d005'),(17699,'d005'),(17700,'d005'),(17701,'d009'),(17702,'d005'),(17702,'d008'),(17703,'d004'),(17704,'d008'),(17705,'d004'),(17706,'d007'),(17707,'d004'),(17708,'d005'),(17709,'d005'),(17710,'d005'),(17711,'d005'),(17712,'d002'),(17712,'d007'),(17713,'d006'),(17714,'d005'),(17715,'d009'),(17716,'d006'),(17717,'d003'),(17718,'d003'),(17719,'d005'),(17720,'d003'),(17721,'d001'),(17721,'d009'),(17722,'d002'),(17723,'d002'),(17724,'d005'),(17725,'d001'),(17726,'d004'),(17727,'d003'),(17728,'d008'),(17729,'d005'),(17730,'d002'),(17730,'d003'),(17731,'d005'),(17732,'d007'),(17733,'d004'),(17734,'d005'),(17735,'d007'),(17736,'d005'),(17737,'d004'),(17738,'d004'),(17738,'d006'),(17739,'d005'),(17740,'d005'),(17741,'d004'),(17742,'d008'),(17743,'d004'),(17744,'d005'),(17745,'d005'),(17746,'d004'),(17747,'d002'),(17747,'d003'),(17748,'d005'),(17749,'d006'),(17750,'d004'),(17751,'d006'),(17752,'d004'),(17753,'d004'),(17754,'d004'),(17755,'d005'),(17756,'d004'),(17756,'d009'),(17757,'d006'),(17758,'d005'),(17759,'d006'),(17760,'d004'),(17761,'d004'),(17762,'d005'),(17763,'d003'),(17764,'d008'),(17765,'d005'),(17766,'d005'),(17766,'d008'),(17767,'d007'),(17768,'d004'),(17769,'d007'),(17770,'d005'),(17771,'d004'),(17772,'d004'),(17773,'d003'),(17774,'d002'),(17775,'d002'),(17776,'d002'),(17776,'d003'),(17777,'d008'),(17778,'d009'),(17779,'d004'),(17780,'d004'),(17781,'d003'),(17782,'d005'),(17783,'d002'),(17784,'d005'),(17785,'d003'),(17786,'d005'),(17786,'d008'),(17787,'d004'),(17788,'d005'),(17789,'d005'),(17790,'d007'),(17791,'d007'),(17792,'d004'),(17793,'d005'),(17794,'d007'),(17794,'d009'),(17795,'d006'),(17796,'d007'),(17797,'d007'),(17798,'d001'),(17799,'d005'),(17800,'d001'),(17801,'d007'),(17802,'d003'),(17803,'d001'),(17804,'d004'),(17804,'d006'),(17805,'d007'),(17806,'d005'),(17807,'d004'),(17808,'d005'),(17809,'d005'),(17810,'d007'),(17811,'d004'),(17812,'d004'),(17812,'d005'),(17813,'d005'),(17814,'d004'),(17815,'d005'),(17816,'d004'),(17817,'d004'),(17818,'d005'),(17819,'d005'),(17820,'d005'),(17821,'d004'),(17822,'d001'),(17822,'d009'),(17823,'d007'),(17824,'d006'),(17825,'d006'),(17826,'d006'),(17827,'d002'),(17828,'d005'),(17829,'d007'),(17830,'d007'),(17831,'d004'),(17832,'d007'),(17833,'d001'),(17833,'d003'),(17834,'d005'),(17835,'d005'),(17836,'d007'),(17837,'d003'),(17838,'d006'),(17839,'d005'),(17840,'d005'),(17841,'d004'),(17842,'d004'),(17843,'d009'),(17844,'d005'),(17844,'d008'),(17845,'d005'),(17846,'d004'),(17847,'d005'),(17848,'d007'),(17849,'d003'),(17850,'d006'),(17851,'d007'),(17852,'d005'),(17853,'d004'),(17853,'d006'),(17854,'d007'),(17855,'d006'),(17856,'d005'),(17857,'d005'),(17858,'d005'),(17859,'d004'),(17860,'d006'),(17861,'d005'),(17861,'d009'),(17862,'d008'),(17863,'d002'),(17864,'d004'),(17865,'d004'),(17866,'d005'),(17867,'d003'),(17868,'d001'),(17869,'d004'),(17869,'d005'),(17870,'d006'),(17871,'d006'),(17872,'d004'),(17873,'d006'),(17874,'d007'),(17875,'d006'),(17876,'d002'),(17877,'d005'),(17878,'d001'),(17878,'d009'),(17879,'d005'),(17880,'d004'),(17881,'d007'),(17882,'d008'),(17883,'d005'),(17884,'d005'),(17885,'d004'),(17886,'d007'),(17887,'d005'),(17888,'d004'),(17888,'d005'),(17889,'d002'),(17890,'d005'),(17891,'d005'),(17892,'d002'),(17893,'d001'),(17894,'d007'),(17895,'d005'),(17896,'d005'),(17897,'d006'),(17898,'d004'),(17899,'d004'),(17899,'d006'),(17900,'d005'),(17901,'d006'),(17902,'d005'),(17903,'d003'),(17904,'d007'),(17905,'d005'),(17906,'d005'),(17907,'d002'),(17908,'d002'),(17908,'d003'),(17909,'d007'),(17910,'d005'),(17911,'d008'),(17912,'d004'),(17913,'d004'),(17914,'d007'),(17915,'d004'),(17916,'d005'),(17917,'d004'),(17918,'d004'),(17918,'d006'),(17919,'d004'),(17920,'d005'),(17921,'d007'),(17922,'d002'),(17923,'d004'),(17924,'d007'),(17925,'d006'),(17926,'d004'),(17926,'d005'),(17927,'d004'),(17928,'d008'),(17929,'d002'),(17930,'d001'),(17931,'d004'),(17932,'d002'),(17933,'d004'),(17934,'d005'),(17935,'d005'),(17936,'d005'),(17937,'d005'),(17937,'d008'),(17938,'d007'),(17939,'d004'),(17940,'d004'),(17941,'d004'),(17942,'d007'),(17943,'d004'),(17944,'d005'),(17945,'d007'),(17946,'d004'),(17946,'d008'),(17947,'d005'),(17948,'d005'),(17949,'d005'),(17950,'d005'),(17951,'d007'),(17952,'d001'),(17953,'d009'),(17954,'d001'),(17955,'d004'),(17956,'d004'),(17956,'d006'),(17957,'d006'),(17958,'d005'),(17959,'d003'),(17960,'d003'),(17961,'d007'),(17962,'d005'),(17963,'d007'),(17964,'d004'),(17964,'d006'),(17965,'d008'),(17966,'d005'),(17967,'d002'),(17968,'d005'),(17969,'d007'),(17970,'d004'),(17971,'d007'),(17972,'d006'),(17973,'d005'),(17973,'d006'),(17974,'d007'),(17975,'d007'),(17976,'d006'),(17977,'d007'),(17978,'d009'),(17979,'d007'),(17980,'d005'),(17981,'d001'),(17981,'d007'),(17982,'d007'),(17983,'d004'),(17984,'d007'),(17985,'d005'),(17986,'d007'),(17987,'d002'),(17988,'d004'),(17989,'d005'),(17990,'d004'),(17990,'d005'),(17991,'d007'),(17992,'d007'),(17993,'d001'),(17994,'d007'),(17995,'d009'),(17996,'d002'),(17997,'d008'),(17998,'d007'),(17998,'d009'),(17999,'d005'),(18000,'d002'),(18001,'d007'),(18002,'d006'),(18003,'d005'),(18004,'d007'),(18005,'d009'),(18006,'d007'),(18006,'d009'),(18007,'d005'),(18008,'d004'),(18009,'d006'),(18010,'d001'),(18011,'d005'),(18012,'d007'),(18013,'d005'),(18014,'d005'),(18015,'d001'),(18015,'d007'),(18016,'d007'),(18017,'d004'),(18018,'d007'),(18019,'d007'),(18020,'d008'),(18021,'d005'),(18022,'d005'),(18023,'d005'),(18024,'d001'),(18024,'d007'),(18025,'d001'),(18026,'d007'),(18027,'d006'),(18028,'d004'),(18029,'d004'),(18030,'d004'),(18031,'d001'),(18032,'d004'),(18033,'d009'),(18034,'d004'),(18034,'d008'),(18035,'d004'),(18036,'d004'),(18037,'d009'),(18038,'d007'),(18039,'d004'),(18040,'d007'),(18041,'d005'),(18042,'d004'),(18042,'d006'),(18043,'d005'),(18044,'d008'),(18045,'d005'),(18046,'d002'),(18047,'d005'),(18048,'d008'),(18049,'d004'),(18050,'d004'),(18050,'d005'),(18051,'d005'),(18052,'d004'),(18053,'d005'),(18054,'d004'),(18055,'d005'),(18056,'d004'),(18057,'d004'),(18058,'d007'),(18059,'d004'),(18060,'d001'),(18061,'d004'),(18061,'d005'),(18062,'d004'),(18063,'d004'),(18064,'d005'),(18065,'d007'),(18066,'d005'),(18067,'d009'),(18068,'d005'),(18069,'d004'),(18070,'d004'),(18070,'d005'),(18071,'d003'),(18072,'d009'),(18073,'d005'),(18074,'d004'),(18075,'d006'),(18076,'d004'),(18077,'d006'),(18078,'d005'),(18079,'d001'),(18080,'d004'),(18080,'d005'),(18081,'d009'),(18082,'d003'),(18083,'d005'),(18084,'d004'),(18085,'d005'),(18086,'d007'),(18087,'d006'),(18088,'d005'),(18089,'d005'),(18090,'d001'),(18090,'d007'),(18091,'d001'),(18092,'d008'),(18093,'d009'),(18094,'d005'),(18095,'d003'),(18096,'d005'),(18097,'d005'),(18098,'d005'),(18099,'d005'),(18100,'d004'),(18100,'d009'),(18101,'d002'),(18102,'d005'),(18103,'d008'),(18104,'d005'),(18105,'d005'),(18106,'d004'),(18107,'d005'),(18108,'d007'),(18109,'d003'),(18110,'d004'),(18110,'d005'),(18111,'d002'),(18112,'d004'),(18113,'d005'),(18114,'d005'),(18115,'d005'),(18116,'d005'),(18117,'d005'),(18118,'d007'),(18118,'d009'),(18119,'d007'),(18120,'d008'),(18121,'d008'),(18122,'d005'),(18123,'d009'),(18124,'d004'),(18125,'d001'),(18126,'d004'),(18127,'d004'),(18128,'d007'),(18129,'d005'),(18129,'d008'),(18130,'d008'),(18131,'d005'),(18132,'d007'),(18133,'d009'),(18134,'d005'),(18135,'d007'),(18136,'d005'),(18137,'d003'),(18138,'d005'),(18138,'d008'),(18139,'d002'),(18140,'d008'),(18141,'d005'),(18142,'d005'),(18143,'d004'),(18144,'d005'),(18145,'d003'),(18146,'d004'),(18147,'d008'),(18148,'d005'),(18148,'d008'),(18149,'d008'),(18150,'d005'),(18151,'d007'),(18152,'d005'),(18153,'d004'),(18154,'d005'),(18155,'d004'),(18156,'d005'),(18157,'d004'),(18157,'d005'),(18158,'d002'),(18159,'d007'),(18160,'d005'),(18161,'d004'),(18162,'d005'),(18163,'d007'),(18164,'d007'),(18165,'d005'),(18166,'d007'),(18167,'d005'),(18168,'d004'),(18168,'d009'),(18169,'d001'),(18170,'d005'),(18171,'d004'),(18172,'d004'),(18173,'d008'),(18174,'d007'),(18175,'d004'),(18176,'d006'),(18177,'d005'),(18178,'d005'),(18178,'d008'),(18179,'d007'),(18180,'d007'),(18181,'d009'),(18182,'d003'),(18183,'d007'),(18184,'d009'),(18185,'d005'),(18186,'d003'),(18187,'d008'),(18188,'d004'),(18188,'d005'),(18189,'d005'),(18190,'d005'),(18191,'d003'),(18192,'d005'),(18193,'d005'),(18194,'d007'),(18195,'d004'),(18196,'d004'),(18196,'d009'),(18197,'d008'),(18198,'d003'),(18199,'d003'),(18200,'d001'),(18201,'d005'),(18202,'d002'),(18203,'d005'),(18204,'d005'),(18205,'d001'),(18206,'d004'),(18206,'d006'),(18207,'d004'),(18208,'d003'),(18209,'d004'),(18210,'d005'),(18211,'d004'),(18212,'d009'),(18213,'d008'),(18214,'d001'),(18214,'d003'),(18215,'d004'),(18216,'d009'),(18217,'d005'),(18218,'d002'),(18219,'d006'),(18220,'d009'),(18221,'d001'),(18222,'d005'),(18223,'d004'),(18223,'d008'),(18224,'d007'),(18225,'d004'),(18226,'d004'),(18227,'d002'),(18228,'d004'),(18229,'d003'),(18230,'d004'),(18231,'d007'),(18231,'d009'),(18232,'d005'),(18233,'d004'),(18234,'d004'),(18235,'d008'),(18236,'d005'),(18237,'d004'),(18238,'d007'),(18239,'d008'),(18240,'d008'),(18241,'d005'),(18241,'d006'),(18242,'d004'),(18243,'d003'),(18244,'d007'),(18245,'d009'),(18246,'d007'),(18247,'d005'),(18248,'d009'),(18249,'d002'),(18250,'d005'),(18251,'d008'),(18252,'d004'),(18252,'d005'),(18253,'d005'),(18254,'d004'),(18255,'d005'),(18256,'d004'),(18257,'d008'),(18258,'d007'),(18259,'d004'),(18260,'d004'),(18261,'d005'),(18262,'d005'),(18263,'d004'),(18263,'d009'),(18264,'d009'),(18265,'d007'),(18266,'d005'),(18267,'d003'),(18268,'d004'),(18269,'d004'),(18270,'d007'),(18271,'d001'),(18272,'d004'),(18273,'d004'),(18273,'d005'),(18274,'d007'),(18275,'d001'),(18276,'d004'),(18277,'d007'),(18278,'d006'),(18279,'d008'),(18280,'d004'),(18281,'d002'),(18282,'d008'),(18283,'d007'),(18283,'d009'),(18284,'d007'),(18285,'d007'),(18286,'d005'),(18287,'d006'),(18288,'d005'),(18289,'d006'),(18290,'d005'),(18291,'d009'),(18292,'d003'),(18293,'d004'),(18293,'d009'),(18294,'d001'),(18295,'d005'),(18296,'d003'),(18297,'d007'),(18298,'d005'),(18299,'d005'),(18300,'d008'),(18301,'d004'),(18302,'d007'),(18303,'d004'),(18304,'d002'),(18304,'d007'),(18305,'d004'),(18306,'d007'),(18307,'d005'),(18308,'d006'),(18309,'d006'),(18310,'d005'),(18311,'d004'),(18312,'d007'),(18313,'d005'),(18314,'d001'),(18314,'d007'),(18315,'d005'),(18316,'d005'),(18317,'d002'),(18318,'d007'),(18319,'d007'),(18320,'d004'),(18321,'d004'),(18322,'d004'),(18323,'d005'),(18323,'d006'),(18324,'d005'),(18325,'d005'),(18326,'d004'),(18327,'d004'),(18328,'d005'),(18329,'d005'),(18330,'d006'),(18331,'d003'),(18332,'d005'),(18332,'d008'),(18333,'d004'),(18334,'d005'),(18335,'d005'),(18336,'d005'),(18337,'d004'),(18338,'d001'),(18339,'d005'),(18340,'d004'),(18341,'d006'),(18342,'d004'),(18343,'d004'),(18343,'d005'),(18344,'d009'),(18345,'d007'),(18346,'d005'),(18347,'d008'),(18348,'d006'),(18349,'d005'),(18350,'d004'),(18351,'d004'),(18352,'d005'),(18353,'d007'),(18354,'d001'),(18354,'d007'),(18355,'d002'),(18356,'d002'),(18357,'d004'),(18358,'d004'),(18359,'d001'),(18360,'d005'),(18361,'d007'),(18362,'d004'),(18362,'d005'),(18363,'d007'),(18364,'d002'),(18365,'d004'),(18366,'d004'),(18367,'d006'),(18368,'d004'),(18369,'d007'),(18370,'d005'),(18371,'d004'),(18371,'d009'),(18372,'d006'),(18373,'d009'),(18374,'d001'),(18375,'d003'),(18376,'d004'),(18377,'d009'),(18378,'d004'),(18379,'d004'),(18379,'d009'),(18380,'d006'),(18381,'d003'),(18382,'d005'),(18383,'d001'),(18384,'d001'),(18385,'d005'),(18386,'d007'),(18387,'d005'),(18388,'d007'),(18389,'d004'),(18390,'d004'),(18390,'d005'),(18391,'d004'),(18392,'d005'),(18393,'d004'),(18394,'d003'),(18395,'d004'),(18396,'d009'),(18397,'d009'),(18398,'d001'),(18399,'d005'),(18400,'d004'),(18400,'d009'),(18401,'d007'),(18402,'d009'),(18403,'d004'),(18404,'d007'),(18405,'d005'),(18406,'d006'),(18407,'d007'),(18408,'d006'),(18409,'d002'),(18409,'d007'),(18410,'d004'),(18411,'d002'),(18412,'d007'),(18413,'d006'),(18414,'d008'),(18415,'d003'),(18416,'d008'),(18417,'d003'),(18418,'d005'),(18418,'d006'),(18419,'d007'),(18420,'d005'),(18421,'d003'),(18422,'d006'),(18423,'d005'),(18424,'d005'),(18425,'d004'),(18426,'d001'),(18426,'d007'),(18427,'d002'),(18428,'d002'),(18429,'d005'),(18430,'d007'),(18431,'d005'),(18432,'d003'),(18433,'d004'),(18434,'d008'),(18435,'d007'),(18436,'d004'),(18437,'d002'),(18437,'d003'),(18438,'d006'),(18439,'d005'),(18440,'d009'),(18441,'d005'),(18442,'d005'),(18443,'d007'),(18444,'d008'),(18445,'d004'),(18445,'d006'),(18446,'d005'),(18447,'d004'),(18448,'d005'),(18449,'d004'),(18450,'d002'),(18451,'d007'),(18452,'d008'),(18453,'d005'),(18454,'d007'),(18455,'d004'),(18455,'d008'),(18456,'d005'),(18457,'d004'),(18458,'d005'),(18459,'d009'),(18460,'d007'),(18461,'d004'),(18462,'d005'),(18463,'d001'),(18463,'d007'),(18464,'d005'),(18465,'d005'),(18466,'d004'),(18467,'d002'),(18468,'d005'),(18469,'d004'),(18470,'d007'),(18471,'d001'),(18472,'d004'),(18473,'d007'),(18474,'d001'),(18474,'d007'),(18475,'d004'),(18476,'d004'),(18477,'d005'),(18478,'d004'),(18479,'d007'),(18480,'d004'),(18481,'d005'),(18482,'d003'),(18483,'d004'),(18483,'d006'),(18484,'d007'),(18485,'d006'),(18486,'d009'),(18487,'d008'),(18488,'d004'),(18489,'d005'),(18490,'d007'),(18491,'d001'),(18492,'d007'),(18493,'d004'),(18494,'d001'),(18494,'d009'),(18495,'d005'),(18496,'d007'),(18497,'d005'),(18498,'d004'),(18499,'d005'),(18500,'d003'),(18501,'d005'),(18502,'d004'),(18503,'d004'),(18504,'d005'),(18504,'d008'),(18505,'d004'),(18506,'d005'),(18507,'d004'),(18508,'d002'),(18509,'d004'),(18510,'d008'),(18511,'d005'),(18512,'d007'),(18513,'d005'),(18514,'d001'),(18515,'d002'),(18515,'d003'),(18516,'d001'),(18517,'d005'),(18518,'d005'),(18519,'d007'),(18520,'d004'),(18521,'d004'),(18522,'d004'),(18523,'d002'),(18524,'d004'),(18525,'d004'),(18525,'d005'),(18526,'d003'),(18527,'d007'),(18528,'d005'),(18529,'d005'),(18530,'d005'),(18531,'d007'),(18532,'d002'),(18533,'d004'),(18534,'d004'),(18535,'d005'),(18535,'d008'),(18536,'d005'),(18537,'d003'),(18538,'d007'),(18539,'d007'),(18540,'d008'),(18541,'d006'),(18542,'d005'),(18543,'d004'),(18543,'d005'),(18544,'d008'),(18545,'d005'),(18546,'d005'),(18547,'d004'),(18548,'d005'),(18549,'d004'),(18550,'d002'),(18551,'d006'),(18552,'d004'),(18552,'d006'),(18553,'d008'),(18554,'d007'),(18555,'d001'),(18556,'d005'),(18557,'d007'),(18558,'d005'),(18559,'d008'),(18560,'d004'),(18561,'d004'),(18562,'d004'),(18562,'d006'),(18563,'d004'),(18564,'d004'),(18565,'d002'),(18566,'d005'),(18567,'d009'),(18568,'d008'),(18569,'d004'),(18570,'d004'),(18570,'d006'),(18571,'d005'),(18572,'d008'),(18573,'d002'),(18574,'d006'),(18575,'d001'),(18576,'d005'),(18577,'d005'),(18578,'d004'),(18579,'d008'),(18580,'d004'),(18581,'d007'),(18581,'d009'),(18582,'d007'),(18583,'d009'),(18584,'d005'),(18585,'d004'),(18586,'d008'),(18587,'d005'),(18588,'d001'),(18589,'d005'),(18590,'d001'),(18590,'d007'),(18591,'d007'),(18592,'d004'),(18593,'d001'),(18594,'d004'),(18595,'d002'),(18596,'d009'),(18597,'d007'),(18598,'d005'),(18599,'d003'),(18600,'d005'),(18601,'d002'),(18601,'d007'),(18602,'d007'),(18603,'d007'),(18604,'d005'),(18605,'d003'),(18606,'d004'),(18607,'d007'),(18608,'d004'),(18609,'d005'),(18609,'d009'),(18610,'d004'),(18611,'d003'),(18612,'d007'),(18613,'d005'),(18614,'d005'),(18615,'d006'),(18616,'d003'),(18617,'d003'),(18618,'d005'),(18619,'d004'),(18619,'d009'),(18620,'d003'),(18621,'d004'),(18622,'d004'),(18623,'d004'),(18624,'d005'),(18625,'d005'),(18626,'d005'),(18627,'d006'),(18628,'d007'),(18629,'d005'),(18629,'d008'),(18630,'d005'),(18631,'d005'),(18632,'d005'),(18633,'d003'),(18634,'d007'),(18635,'d004'),(18636,'d005'),(18637,'d004'),(18638,'d001'),(18638,'d003'),(18639,'d007'),(18640,'d004'),(18641,'d007'),(18642,'d004'),(18643,'d004'),(18644,'d004'),(18645,'d005'),(18646,'d009'),(18647,'d005'),(18648,'d004'),(18648,'d006'),(18649,'d009'),(18650,'d002'),(18651,'d004'),(18652,'d007'),(18653,'d009'),(18654,'d005'),(18655,'d004'),(18656,'d004'),(18657,'d007'),(18658,'d004'),(18658,'d009'),(18659,'d007'),(18660,'d005'),(18661,'d005'),(18662,'d009'),(18663,'d004'),(18664,'d007'),(18665,'d003'),(18666,'d005'),(18666,'d008'),(18667,'d008'),(18668,'d005'),(18669,'d005'),(18670,'d003'),(18671,'d005'),(18672,'d004'),(18673,'d005'),(18674,'d005'),(18675,'d008'),(18676,'d003'),(18677,'d004'),(18677,'d006'),(18678,'d008'),(18679,'d007'),(18680,'d008'),(18681,'d004'),(18682,'d006'),(18683,'d002'),(18684,'d002'),(18685,'d001'),(18686,'d002'),(18687,'d004'),(18687,'d008'),(18688,'d007'),(18689,'d008'),(18690,'d004'),(18691,'d005'),(18692,'d004'),(18693,'d005'),(18694,'d007'),(18695,'d003'),(18696,'d004'),(18697,'d001'),(18697,'d007'),(18698,'d008'),(18699,'d005'),(18700,'d003'),(18701,'d007'),(18702,'d004'),(18703,'d007'),(18704,'d001'),(18705,'d004'),(18705,'d009'),(18706,'d007'),(18707,'d007'),(18708,'d008'),(18709,'d009'),(18710,'d009'),(18711,'d007'),(18712,'d003'),(18713,'d005'),(18714,'d007'),(18715,'d005'),(18716,'d005'),(18716,'d008'),(18717,'d005'),(18718,'d005'),(18719,'d008'),(18720,'d009'),(18721,'d004'),(18722,'d009'),(18723,'d005'),(18724,'d004'),(18724,'d005'),(18725,'d007'),(18726,'d004'),(18727,'d003'),(18728,'d005'),(18729,'d007'),(18730,'d004'),(18731,'d004'),(18732,'d004'),(18732,'d005'),(18733,'d005'),(18734,'d006'),(18735,'d007'),(18736,'d004'),(18737,'d001'),(18738,'d005'),(18739,'d001'),(18740,'d002'),(18741,'d004'),(18741,'d008'),(18742,'d008'),(18743,'d004'),(18744,'d002'),(18745,'d005'),(18746,'d005'),(18747,'d004'),(18748,'d005'),(18749,'d004'),(18750,'d001'),(18750,'d009'),(18751,'d007'),(18752,'d004'),(18753,'d009'),(18754,'d005'),(18755,'d005'),(18756,'d004'),(18757,'d004'),(18758,'d005'),(18759,'d002'),(18759,'d007'),(18760,'d007'),(18761,'d002'),(18762,'d002'),(18763,'d007'),(18764,'d004'),(18765,'d007'),(18766,'d006'),(18767,'d005'),(18767,'d008'),(18768,'d008'),(18769,'d005'),(18770,'d006'),(18771,'d007'),(18772,'d005'),(18773,'d005'),(18774,'d008'),(18775,'d005'),(18776,'d001'),(18776,'d007'),(18777,'d009'),(18778,'d002'),(18779,'d002'),(18780,'d005'),(18781,'d005'),(18782,'d005'),(18783,'d005'),(18784,'d002'),(18785,'d004'),(18786,'d004'),(18786,'d005'),(18787,'d004'),(18788,'d007'),(18789,'d007'),(18790,'d005'),(18791,'d008'),(18792,'d007'),(18793,'d004'),(18794,'d005'),(18795,'d008'),(18796,'d004'),(18797,'d004'),(18797,'d006'),(18798,'d005'),(18799,'d008'),(18800,'d006'),(18801,'d003'),(18802,'d004'),(18803,'d002'),(18804,'d001'),(18805,'d004'),(18805,'d006'),(18806,'d002'),(18807,'d008'),(18808,'d008'),(18809,'d007'),(18810,'d005'),(18811,'d008'),(18812,'d007'),(18813,'d004'),(18813,'d009'),(18814,'d002'),(18815,'d007'),(18816,'d003'),(18817,'d003'),(18818,'d009'),(18819,'d009'),(18820,'d007'),(18821,'d004'),(18822,'d005'),(18822,'d008'),(18823,'d004'),(18824,'d001'),(18825,'d009'),(18826,'d003'),(18827,'d005'),(18828,'d005'),(18829,'d004'),(18830,'d002'),(18831,'d004'),(18831,'d009'),(18832,'d005'),(18833,'d005'),(18834,'d002'),(18835,'d005'),(18836,'d008'),(18837,'d008'),(18838,'d005'),(18839,'d007'),(18840,'d004'),(18840,'d006'),(18841,'d003'),(18842,'d004'),(18843,'d007'),(18844,'d004'),(18845,'d005'),(18846,'d004'),(18847,'d004'),(18848,'d001'),(18848,'d007'),(18849,'d008'),(18850,'d005'),(18851,'d006'),(18852,'d006'),(18853,'d003'),(18854,'d004'),(18855,'d005'),(18856,'d001'),(18856,'d009'),(18857,'d006'),(18858,'d007'),(18859,'d007'),(18860,'d005'),(18861,'d004'),(18862,'d007'),(18863,'d004'),(18864,'d008'),(18865,'d005'),(18866,'d004'),(18866,'d006'),(18867,'d004'),(18868,'d004'),(18869,'d007'),(18870,'d007'),(18871,'d006'),(18872,'d007'),(18873,'d009'),(18874,'d005'),(18875,'d004'),(18876,'d004'),(18876,'d005'),(18877,'d003'),(18878,'d007'),(18879,'d004'),(18880,'d005'),(18881,'d002'),(18882,'d007'),(18883,'d009'),(18884,'d004'),(18885,'d007'),(18886,'d007'),(18886,'d009'),(18887,'d008'),(18888,'d005'),(18889,'d008'),(18890,'d003'),(18891,'d008'),(18892,'d007'),(18893,'d009'),(18894,'d002'),(18895,'d004'),(18895,'d005'),(18896,'d003'),(18897,'d004'),(18898,'d001'),(18899,'d004'),(18900,'d009'),(18901,'d004'),(18902,'d004'),(18903,'d004'),(18904,'d005'),(18904,'d008'),(18905,'d005'),(18906,'d007'),(18907,'d004'),(18908,'d004'),(18909,'d008'),(18910,'d005'),(18911,'d006'),(18912,'d005'),(18913,'d001'),(18913,'d007'),(18914,'d004'),(18915,'d008'),(18916,'d005'),(18917,'d005'),(18918,'d005'),(18919,'d004'),(18920,'d005'),(18921,'d005'),(18922,'d002'),(18923,'d005'),(18923,'d009'),(18924,'d006'),(18925,'d004'),(18926,'d003'),(18927,'d005'),(18928,'d004'),(18929,'d007'),(18930,'d005'),(18931,'d007'),(18931,'d009'),(18932,'d005'),(18933,'d005'),(18934,'d009'),(18935,'d004'),(18936,'d009'),(18937,'d004'),(18938,'d002'),(18939,'d003'),(18940,'d005'),(18941,'d001'),(18941,'d007'),(18942,'d005'),(18943,'d001'),(18944,'d005'),(18945,'d005'),(18946,'d004'),(18947,'d005'),(18948,'d009'),(18949,'d005'),(18950,'d001'),(18951,'d002'),(18951,'d007'),(18952,'d004'),(18953,'d005'),(18954,'d002'),(18955,'d004'),(18956,'d001'),(18957,'d005'),(18958,'d007'),(18959,'d005'),(18960,'d008'),(18961,'d004'),(18961,'d005'),(18962,'d004'),(18963,'d001'),(18964,'d003'),(18965,'d006'),(18966,'d004'),(18967,'d004'),(18968,'d004'),(18969,'d004'),(18969,'d006'),(18970,'d005'),(18971,'d007'),(18972,'d002'),(18973,'d005'),(18974,'d005'),(18975,'d008'),(18976,'d004'),(18977,'d005'),(18978,'d009'),(18979,'d004'),(18979,'d006'),(18980,'d005'),(18981,'d005'),(18982,'d005'),(18983,'d004'),(18984,'d005'),(18985,'d001'),(18986,'d002'),(18987,'d003'),(18988,'d002'),(18988,'d007'),(18989,'d003'),(18990,'d005'),(18991,'d005'),(18992,'d004'),(18993,'d005'),(18994,'d007'),(18995,'d002'),(18996,'d004'),(18996,'d009'),(18997,'d007'),(18998,'d008'),(18999,'d004'),(19000,'d004'),(19001,'d005'),(19002,'d008'),(19003,'d002'),(19004,'d004'),(19004,'d009'),(19005,'d007'),(19006,'d005'),(19007,'d005'),(19008,'d008'),(19009,'d004'),(19010,'d008'),(19011,'d008'),(19012,'d007'),(19013,'d001'),(19013,'d007'),(19014,'d007'),(19015,'d004'),(19016,'d004'),(19017,'d007'),(19018,'d006'),(19019,'d007'),(19020,'d004'),(19021,'d005'),(19022,'d005'),(19023,'d004'),(19024,'d004'),(19024,'d006'),(19025,'d007'),(19026,'d007'),(19027,'d004'),(19028,'d002'),(19029,'d005'),(19030,'d003'),(19031,'d007'),(19032,'d005'),(19033,'d008'),(19034,'d002'),(19035,'d004'),(19035,'d009'),(19036,'d002'),(19037,'d006'),(19038,'d007'),(19039,'d006'),(19040,'d005'),(19041,'d008'),(19042,'d004'),(19043,'d005'),(19044,'d005'),(19045,'d005'),(19045,'d006'),(19046,'d004'),(19047,'d002'),(19048,'d007'),(19049,'d003'),(19050,'d005'),(19051,'d005'),(19052,'d001'),(19053,'d009'),(19054,'d004'),(19054,'d005'),(19055,'d003'),(19056,'d005'),(19057,'d005'),(19058,'d004'),(19059,'d007'),(19060,'d004'),(19061,'d003'),(19062,'d004'),(19063,'d007'),(19064,'d004'),(19064,'d009'),(19065,'d007'),(19066,'d004'),(19067,'d004'),(19068,'d003'),(19069,'d007'),(19070,'d002'),(19071,'d007'),(19072,'d006'),(19073,'d007'),(19074,'d005'),(19074,'d006'),(19075,'d004'),(19076,'d003'),(19077,'d004'),(19078,'d006'),(19079,'d004'),(19080,'d004'),(19081,'d007'),(19082,'d004'),(19082,'d005'),(19083,'d005'),(19084,'d005'),(19085,'d004'),(19086,'d005'),(19087,'d003'),(19088,'d004'),(19089,'d005'),(19090,'d004'),(19091,'d004'),(19092,'d004'),(19092,'d006'),(19093,'d005'),(19094,'d008'),(19095,'d006'),(19096,'d007'),(19097,'d005'),(19098,'d009'),(19099,'d003'),(19100,'d007'),(19101,'d005'),(19101,'d008'),(19102,'d001'),(19103,'d004'),(19104,'d004'),(19105,'d007'),(19106,'d007'),(19107,'d005'),(19108,'d008'),(19109,'d007'),(19110,'d004'),(19111,'d004'),(19111,'d005'),(19112,'d007'),(19113,'d007'),(19114,'d002'),(19115,'d005'),(19116,'d005'),(19117,'d007'),(19118,'d004'),(19119,'d001'),(19120,'d005'),(19121,'d002'),(19121,'d007'),(19122,'d005'),(19123,'d005'),(19124,'d008'),(19125,'d007'),(19126,'d005'),(19127,'d007'),(19128,'d007'),(19129,'d004'),(19129,'d006'),(19130,'d004'),(19131,'d007'),(19132,'d008'),(19133,'d007'),(19134,'d007'),(19135,'d005'),(19136,'d008'),(19137,'d007'),(19138,'d001'),(19138,'d007'),(19139,'d005'),(19140,'d005'),(19141,'d004'),(19142,'d002'),(19143,'d008'),(19144,'d007'),(19145,'d005'),(19146,'d007'),(19147,'d007'),(19148,'d004'),(19149,'d004'),(19149,'d005'),(19150,'d004'),(19151,'d008'),(19152,'d007'),(19153,'d007'),(19154,'d001'),(19155,'d002'),(19156,'d004'),(19157,'d005'),(19158,'d005'),(19159,'d006'),(19160,'d007'),(19160,'d009'),(19161,'d007'),(19162,'d004'),(19163,'d005'),(19164,'d003'),(19165,'d004'),(19166,'d005'),(19167,'d004'),(19168,'d007'),(19168,'d009'),(19169,'d004'),(19170,'d005'),(19171,'d001'),(19172,'d008'),(19173,'d003'),(19174,'d005'),(19175,'d004'),(19176,'d009'),(19177,'d005'),(19178,'d003'),(19179,'d005'),(19179,'d009'),(19180,'d003'),(19181,'d007'),(19182,'d005'),(19183,'d004'),(19184,'d004'),(19185,'d006'),(19186,'d004'),(19187,'d005'),(19188,'d004'),(19188,'d009'),(19189,'d005'),(19190,'d007'),(19191,'d004'),(19192,'d005'),(19193,'d003'),(19194,'d003'),(19195,'d007'),(19196,'d001'),(19197,'d001'),(19198,'d007'),(19199,'d004'),(19199,'d005'),(19200,'d001'),(19201,'d007'),(19202,'d003'),(19203,'d005'),(19204,'d004'),(19205,'d007'),(19206,'d004'),(19207,'d007'),(19208,'d001'),(19209,'d003'),(19210,'d007'),(19210,'d009'),(19211,'d004'),(19212,'d005'),(19213,'d004'),(19214,'d002'),(19215,'d007'),(19216,'d004'),(19217,'d007'),(19218,'d007'),(19219,'d007'),(19220,'d001'),(19220,'d007'),(19221,'d008'),(19222,'d004'),(19223,'d005'),(19224,'d001'),(19225,'d001'),(19226,'d007'),(19227,'d006'),(19228,'d004'),(19229,'d005'),(19230,'d005'),(19230,'d008'),(19231,'d004'),(19232,'d009'),(19233,'d007'),(19234,'d004'),(19235,'d006'),(19236,'d004'),(19237,'d006'),(19238,'d002'),(19239,'d001'),(19239,'d007'),(19240,'d005'),(19241,'d005'),(19242,'d007'),(19243,'d007'),(19244,'d003'),(19245,'d006'),(19246,'d009'),(19247,'d002'),(19248,'d007'),(19249,'d004'),(19249,'d006'),(19250,'d005'),(19251,'d004'),(19252,'d003'),(19253,'d004'),(19254,'d003'),(19255,'d003'),(19256,'d009'),(19257,'d005'),(19258,'d005'),(19259,'d005'),(19260,'d007'),(19260,'d009'),(19261,'d007'),(19262,'d005'),(19263,'d005'),(19264,'d004'),(19265,'d007'),(19266,'d009'),(19267,'d003'),(19268,'d004'),(19269,'d007'),(19270,'d005'),(19270,'d006'),(19271,'d004'),(19272,'d007'),(19273,'d006'),(19274,'d004'),(19275,'d007'),(19276,'d005'),(19277,'d004'),(19278,'d005'),(19279,'d007'),(19280,'d004'),(19280,'d006'),(19281,'d005'),(19282,'d007'),(19283,'d004'),(19284,'d007'),(19285,'d005'),(19286,'d005'),(19287,'d004'),(19288,'d008'),(19289,'d005'),(19290,'d004'),(19290,'d005'),(19291,'d005'),(19292,'d009'),(19293,'d004'),(19294,'d005'),(19295,'d006'),(19296,'d009'),(19297,'d004'),(19298,'d008'),(19299,'d004'),(19299,'d009'),(19300,'d005'),(19301,'d004'),(19302,'d004'),(19303,'d005'),(19304,'d008'),(19305,'d005'),(19306,'d005'),(19307,'d007'),(19308,'d004'),(19309,'d006'),(19310,'d005'),(19310,'d008'),(19311,'d007'),(19312,'d004'),(19313,'d004'),(19314,'d007'),(19315,'d003'),(19316,'d005'),(19317,'d004'),(19318,'d007'),(19318,'d009'),(19319,'d007'),(19320,'d008'),(19321,'d007'),(19322,'d004'),(19323,'d002'),(19324,'d004'),(19325,'d005'),(19326,'d005'),(19327,'d005'),(19328,'d004'),(19328,'d006'),(19329,'d004'),(19330,'d007'),(19331,'d005'),(19332,'d006'),(19333,'d005'),(19334,'d005'),(19335,'d008'),(19336,'d003'),(19337,'d009'),(19338,'d006'),(19339,'d005'),(19339,'d008'),(19340,'d009'),(19341,'d002'),(19342,'d005'),(19343,'d007'),(19344,'d008'),(19345,'d008'),(19346,'d004'),(19347,'d004'),(19347,'d008'),(19348,'d008'),(19349,'d003'),(19350,'d009'),(19351,'d005'),(19352,'d002'),(19353,'d005'),(19354,'d005'),(19355,'d005'),(19356,'d001'),(19356,'d009'),(19357,'d005'),(19358,'d003'),(19359,'d005'),(19360,'d007'),(19361,'d004'),(19362,'d003'),(19363,'d005'),(19364,'d006'),(19365,'d004'),(19366,'d002'),(19366,'d003'),(19367,'d007'),(19368,'d004'),(19369,'d005'),(19370,'d004'),(19371,'d004'),(19372,'d006'),(19373,'d007'),(19374,'d005'),(19375,'d005'),(19375,'d006'),(19376,'d009'),(19377,'d005'),(19378,'d001'),(19379,'d005'),(19380,'d005'),(19381,'d007'),(19382,'d005'),(19383,'d004'),(19383,'d005'),(19384,'d008'),(19385,'d002'),(19386,'d001'),(19387,'d009'),(19388,'d005'),(19389,'d004'),(19390,'d004'),(19391,'d008'),(19392,'d008'),(19393,'d008'),(19394,'d002'),(19394,'d003'),(19395,'d008'),(19396,'d005'),(19397,'d009'),(19398,'d005'),(19399,'d004'),(19400,'d004'),(19401,'d007'),(19402,'d009'),(19403,'d005'),(19403,'d008'),(19404,'d004'),(19405,'d009'),(19406,'d004'),(19407,'d001'),(19408,'d004'),(19409,'d005'),(19410,'d005'),(19411,'d005'),(19412,'d005'),(19413,'d004'),(19414,'d001'),(19414,'d007'),(19415,'d001'),(19416,'d007'),(19417,'d008'),(19418,'d005'),(19419,'d007'),(19420,'d007'),(19421,'d004'),(19422,'d004'),(19422,'d006'),(19423,'d004'),(19424,'d007'),(19425,'d005'),(19426,'d004'),(19427,'d002'),(19428,'d001'),(19429,'d005'),(19430,'d009'),(19431,'d004'),(19431,'d005'),(19432,'d007'),(19433,'d002'),(19434,'d003'),(19435,'d004'),(19436,'d007'),(19437,'d007'),(19438,'d001'),(19439,'d004'),(19440,'d005'),(19440,'d008'),(19441,'d005'),(19442,'d006'),(19443,'d005'),(19444,'d004'),(19445,'d005'),(19446,'d002'),(19447,'d004'),(19448,'d007'),(19448,'d009'),(19449,'d007'),(19450,'d009'),(19451,'d004'),(19452,'d005'),(19453,'d009'),(19454,'d003'),(19455,'d004'),(19456,'d005'),(19456,'d009'),(19457,'d002'),(19458,'d004'),(19459,'d008'),(19460,'d008'),(19461,'d009'),(19462,'d005'),(19463,'d009'),(19464,'d001'),(19464,'d007'),(19465,'d004'),(19466,'d005'),(19467,'d009'),(19468,'d004'),(19469,'d006'),(19470,'d005'),(19471,'d009'),(19472,'d009'),(19473,'d001'),(19473,'d007'),(19474,'d007'),(19475,'d009'),(19476,'d005'),(19477,'d008'),(19478,'d003'),(19479,'d004'),(19480,'d005'),(19481,'d004'),(19482,'d004'),(19483,'d008'),(19484,'d002'),(19484,'d003'),(19485,'d004'),(19486,'d004'),(19487,'d005'),(19488,'d005'),(19489,'d007'),(19490,'d007'),(19491,'d005'),(19492,'d001'),(19492,'d007'),(19493,'d004'),(19494,'d004'),(19495,'d005'),(19496,'d007'),(19497,'d004'),(19498,'d007'),(19499,'d005'),(19500,'d001'),(19500,'d007'),(19501,'d002'),(19502,'d004'),(19503,'d004'),(19504,'d005'),(19505,'d002'),(19506,'d005'),(19507,'d001'),(19508,'d005'),(19509,'d007'),(19509,'d009'),(19510,'d006'),(19511,'d001'),(19512,'d003'),(19513,'d009'),(19514,'d005'),(19515,'d005'),(19516,'d002'),(19517,'d003'),(19518,'d002'),(19518,'d003'),(19519,'d003'),(19520,'d005'),(19521,'d004'),(19522,'d005'),(19523,'d002'),(19524,'d007'),(19525,'d007'),(19526,'d001'),(19527,'d004'),(19528,'d007'),(19528,'d009'),(19529,'d005'),(19530,'d009'),(19531,'d009'),(19532,'d007'),(19533,'d007'),(19534,'d009'),(19535,'d003'),(19536,'d006'),(19537,'d006'),(19538,'d008'),(19539,'d005'),(19539,'d008'),(19540,'d005'),(19541,'d002'),(19542,'d009'),(19543,'d005'),(19544,'d005'),(19545,'d005'),(19546,'d004'),(19547,'d005'),(19547,'d008'),(19548,'d003'),(19549,'d005'),(19550,'d005'),(19551,'d002'),(19552,'d008'),(19553,'d008'),(19554,'d005'),(19555,'d005'),(19555,'d006'),(19556,'d005'),(19557,'d004'),(19558,'d002'),(19559,'d008'),(19560,'d005'),(19561,'d004'),(19562,'d005'),(19563,'d001'),(19564,'d004'),(19564,'d005'),(19565,'d004'),(19566,'d005'),(19567,'d001'),(19568,'d007'),(19569,'d005'),(19570,'d006'),(19571,'d005'),(19572,'d004'),(19573,'d001'),(19574,'d005'),(19574,'d008'),(19575,'d005'),(19576,'d004'),(19577,'d003'),(19578,'d002'),(19579,'d004'),(19580,'d007'),(19581,'d008'),(19582,'d005'),(19583,'d004'),(19583,'d008'),(19584,'d001'),(19585,'d001'),(19586,'d005'),(19587,'d004'),(19588,'d003'),(19589,'d004'),(19590,'d004'),(19591,'d004'),(19592,'d004'),(19593,'d004'),(19593,'d009'),(19594,'d002'),(19595,'d005'),(19596,'d005'),(19597,'d005'),(19598,'d007'),(19599,'d008'),(19600,'d001'),(19601,'d007'),(19602,'d004'),(19603,'d002'),(19603,'d003'),(19604,'d005'),(19605,'d001'),(19606,'d005'),(19607,'d004'),(19608,'d004'),(19609,'d009'),(19610,'d007'),(19611,'d003'),(19612,'d001'),(19612,'d009'),(19613,'d007'),(19614,'d004'),(19615,'d005'),(19616,'d005'),(19617,'d004'),(19618,'d002'),(19619,'d006'),(19620,'d004'),(19621,'d005'),(19622,'d002'),(19622,'d003'),(19623,'d004'),(19624,'d007'),(19625,'d005'),(19626,'d008'),(19627,'d005'),(19628,'d007'),(19629,'d007'),(19630,'d009'),(19631,'d004'),(19632,'d005'),(19632,'d008'),(19633,'d005'),(19634,'d007'),(19635,'d009'),(19636,'d004'),(19637,'d005'),(19638,'d004'),(19639,'d003'),(19640,'d004'),(19640,'d006'),(19641,'d005'),(19642,'d005'),(19643,'d007'),(19644,'d004'),(19645,'d009'),(19646,'d005'),(19647,'d009'),(19648,'d004'),(19648,'d009'),(19649,'d003'),(19650,'d004'),(19651,'d004'),(19652,'d005'),(19653,'d005'),(19654,'d005'),(19655,'d002'),(19656,'d004'),(19657,'d005'),(19658,'d004'),(19658,'d005'),(19659,'d003'),(19660,'d004'),(19661,'d008'),(19662,'d007'),(19663,'d007'),(19664,'d009'),(19665,'d005'),(19666,'d006'),(19667,'d001'),(19668,'d007'),(19668,'d009'),(19669,'d007'),(19670,'d009'),(19671,'d004'),(19672,'d001'),(19673,'d005'),(19674,'d009'),(19675,'d007'),(19676,'d003'),(19677,'d005'),(19677,'d006'),(19678,'d005'),(19679,'d005'),(19680,'d005'),(19681,'d003'),(19682,'d002'),(19683,'d007'),(19684,'d007'),(19685,'d004'),(19686,'d005'),(19686,'d008'),(19687,'d001'),(19688,'d004'),(19689,'d002'),(19690,'d006'),(19691,'d005'),(19692,'d009'),(19693,'d005'),(19694,'d004'),(19695,'d008'),(19696,'d002'),(19696,'d003'),(19697,'d004'),(19698,'d007'),(19699,'d003'),(19700,'d007'),(19701,'d004'),(19702,'d002'),(19703,'d007'),(19704,'d005'),(19705,'d007'),(19706,'d003'),(19707,'d004'),(19707,'d005'),(19708,'d007'),(19709,'d004'),(19710,'d005'),(19711,'d009'),(19712,'d009'),(19713,'d005'),(19714,'d005'),(19715,'d009'),(19716,'d007'),(19717,'d005'),(19718,'d005'),(19718,'d008'),(19719,'d009'),(19720,'d005'),(19721,'d008'),(19722,'d008'),(19723,'d007'),(19724,'d007'),(19725,'d007'),(19726,'d002'),(19727,'d004'),(19727,'d009'),(19728,'d007'),(19729,'d005'),(19730,'d003'),(19731,'d006'),(19732,'d005'),(19733,'d005'),(19734,'d004'),(19735,'d006'),(19736,'d004'),(19737,'d004'),(19737,'d006'),(19738,'d001'),(19739,'d005'),(19740,'d005'),(19741,'d005'),(19742,'d005'),(19743,'d002'),(19744,'d005'),(19745,'d004'),(19746,'d007'),(19747,'d007'),(19748,'d005'),(19748,'d006'),(19749,'d008'),(19750,'d004'),(19751,'d004'),(19752,'d007'),(19753,'d009'),(19754,'d006'),(19755,'d005'),(19756,'d005'),(19757,'d004'),(19758,'d005'),(19759,'d004'),(19759,'d006'),(19760,'d007'),(19761,'d008'),(19762,'d007'),(19763,'d004'),(19764,'d005'),(19765,'d003'),(19766,'d009'),(19767,'d004'),(19768,'d005'),(19769,'d005'),(19770,'d001'),(19770,'d007'),(19771,'d002'),(19772,'d004'),(19773,'d005'),(19774,'d004'),(19775,'d005'),(19776,'d004'),(19777,'d007'),(19778,'d007'),(19779,'d002'),(19779,'d007'),(19780,'d004'),(19781,'d007'),(19782,'d005'),(19783,'d004'),(19784,'d001'),(19785,'d007'),(19786,'d004'),(19787,'d004'),(19788,'d001'),(19789,'d005'),(19790,'d002'),(19790,'d003'),(19791,'d004'),(19792,'d007'),(19793,'d007'),(19794,'d009'),(19795,'d002'),(19796,'d004'),(19797,'d001'),(19798,'d005'),(19798,'d008'),(19799,'d004'),(19800,'d005'),(19801,'d009'),(19802,'d005'),(19803,'d005'),(19804,'d002'),(19805,'d005'),(19806,'d005'),(19807,'d004'),(19808,'d002'),(19808,'d003'),(19809,'d003'),(19810,'d008'),(19811,'d002'),(19812,'d005'),(19813,'d007'),(19814,'d008'),(19815,'d004'),(19816,'d006'),(19817,'d002'),(19817,'d003'),(19818,'d006'),(19819,'d005'),(19820,'d004'),(19821,'d004'),(19822,'d007'),(19823,'d005'),(19824,'d007'),(19825,'d005'),(19826,'d007'),(19827,'d005'),(19827,'d006'),(19828,'d006'),(19829,'d006'),(19830,'d005'),(19831,'d005'),(19832,'d005'),(19833,'d005'),(19834,'d005'),(19835,'d009'),(19836,'d007'),(19836,'d009'),(19837,'d005'),(19838,'d004'),(19839,'d005'),(19840,'d007'),(19841,'d007'),(19842,'d004'),(19843,'d001'),(19844,'d007'),(19845,'d005'),(19846,'d007'),(19846,'d009'),(19847,'d005'),(19848,'d008'),(19849,'d007'),(19850,'d002'),(19851,'d003'),(19852,'d004'),(19853,'d006'),(19854,'d005'),(19855,'d007'),(19856,'d005'),(19857,'d007'),(19857,'d009'),(19858,'d008'),(19859,'d007'),(19860,'d006'),(19861,'d002'),(19862,'d004'),(19863,'d009'),(19864,'d003'),(19865,'d004'),(19866,'d004'),(19867,'d009'),(19868,'d001'),(19868,'d007'),(19869,'d007'),(19870,'d005'),(19871,'d004'),(19872,'d008'),(19873,'d001'),(19874,'d007'),(19875,'d006'),(19876,'d004'),(19877,'d004'),(19877,'d005'),(19878,'d004'),(19879,'d001'),(19880,'d005'),(19881,'d004'),(19882,'d003'),(19883,'d004'),(19884,'d005'),(19885,'d004'),(19886,'d001'),(19886,'d003'),(19887,'d005'),(19888,'d007'),(19889,'d007'),(19890,'d007'),(19891,'d004'),(19892,'d007'),(19893,'d005'),(19894,'d009'),(19895,'d001'),(19896,'d006'),(19897,'d005'),(19897,'d008'),(19898,'d007'),(19899,'d005'),(19900,'d006'),(19901,'d003'),(19902,'d004'),(19903,'d005'),(19904,'d004'),(19905,'d001'),(19906,'d005'),(19907,'d002'),(19907,'d007'),(19908,'d005'),(19909,'d002'),(19910,'d004'),(19911,'d007'),(19912,'d002'),(19913,'d005'),(19914,'d006'),(19915,'d003'),(19916,'d007'),(19917,'d004'),(19918,'d005'),(19918,'d008'),(19919,'d003'),(19920,'d005'),(19921,'d004'),(19922,'d001'),(19923,'d005'),(19924,'d005');
/*!40000 ALTER TABLE `dept_emp` ENABLE KEYS */;
UNLOCK TABLES;

--
-- Table structure for table `dept_manager`
--

DROP TABLE IF EXISTS `dept_manager`;
/*!40101 SET @saved_cs_client     = @@character_set_client */;
/*!50503 SET character_set_client = utf8mb4 */;
CREATE TABLE `dept_manager` (
  `dept_no` varchar(10) DEFAULT NULL,
  `emp_no` int(11) DEFAULT NULL,
  KEY `dept_no_idx` (`dept_no`),
  CONSTRAINT `dept_no` FOREIGN KEY (`dept_no`) REFERENCES `departments` (`dept_no`)
) ENGINE=InnoDB DEFAULT CHARSET=utf8mb4 COLLATE=utf8mb4_0900_ai_ci;
/*!40101 SET character_set_client = @saved_cs_client */;

--
-- Dumping data for table `dept_manager`
--

LOCK TABLES `dept_manager` WRITE;
/*!40000 ALTER TABLE `dept_manager` DISABLE KEYS */;
INSERT INTO `dept_manager` VALUES ('d001',110022),('d001',110039),('d002',110085),('d002',110114),('d003',110183),('d003',110228),('d004',110303),('d004',110344),('d004',110386),('d004',110420),('d005',110511),('d005',110567),('d006',110725),('d006',110765),('d006',110800),('d006',110854),('d007',111035),('d007',111133),('d008',111400),('d008',111534),('d009',111692),('d009',111784),('d009',111877),('d009',111939);
/*!40000 ALTER TABLE `dept_manager` ENABLE KEYS */;
UNLOCK TABLES;

--
-- Table structure for table `employees`
--

DROP TABLE IF EXISTS `employees`;
/*!40101 SET @saved_cs_client     = @@character_set_client */;
/*!50503 SET character_set_client = utf8mb4 */;
CREATE TABLE `employees` (
  `emp_no` int(11) NOT NULL,
  `emp_title_id` varchar(10) DEFAULT NULL,
  `birth_date` text,
  `first_name` text,
  `last_name` text,
  `sex` text,
  `hire_date` text,
  PRIMARY KEY (`emp_no`),
  KEY `emp_title_id_idx` (`emp_title_id`),
  CONSTRAINT `emp_title_id` FOREIGN KEY (`emp_title_id`) REFERENCES `titles` (`Title_id`)
) ENGINE=InnoDB DEFAULT CHARSET=utf8mb4 COLLATE=utf8mb4_0900_ai_ci;
/*!40101 SET character_set_client = @saved_cs_client */;

--
-- Dumping data for table `employees`
--

LOCK TABLES `employees` WRITE;
/*!40000 ALTER TABLE `employees` DISABLE KEYS */;
INSERT INTO `employees` VALUES (11842,'s0001','3/31/1954','Moto','Piazza','M','12/11/1991'),(11980,'s0001','7/3/1955','Yechezkel','Pews','M','1/20/1992'),(13616,'e0003','8/30/1961','Perry','Lorho','F','8/3/1991'),(14097,'s0001','3/18/1963','Khalil','Gniady','M','12/4/1990'),(17934,'e0004','7/12/1963','Bilhanan','Wuwongse','M','10/6/1993'),(21529,'e0002','5/19/1959','Bojan','Zallocco','M','10/14/1986'),(21620,'s0001','11/24/1960','Shaowen','Pramanik','M','12/27/1992'),(22638,'e0004','12/28/1963','Mantis','Otillio','F','8/10/1988'),(26941,'e0003','12/2/1963','Shigeu','Masamoto','M','8/27/1989'),(28823,'s0001','9/29/1958','Tonny','Skafidas','M','6/20/1988'),(29920,'e0002','12/31/1961','Shuichi','Tyugu','F','1/17/1995'),(35270,'e0004','1/2/1953','Masali','Bakhtari','M','2/5/1991'),(35916,'e0003','8/15/1953','Wonhee','Talmon','F','3/20/1985'),(37061,'s0001','6/25/1964','Piyawadee','Herbst','F','4/12/1990'),(37176,'e0003','3/1/1955','Panayotis','Daescu','M','1/25/1988'),(37473,'s0001','3/6/1952','Prasadram','Valette','M','2/16/1994'),(37601,'s0001','12/14/1962','Gilbert','Naumovich','M','9/19/1992'),(42625,'s0001','12/12/1957','Harngdar','Swick','F','5/28/1986'),(42924,'e0003','10/24/1961','Mads','Felcyn','F','3/20/1992'),(43471,'e0002','1/10/1964','Mechthild','Gihr','F','5/10/1995'),(48085,'s0001','1/19/1964','Venkatesan','Gilg','M','6/28/1993'),(48885,'e0003','8/28/1958','Phuoc','Antonisse','M','2/18/1993'),(53312,'s0001','4/29/1959','Quingbo','Lagarias','M','11/7/1987'),(56049,'s0001','7/15/1952','Felicidad','Waymire','F','1/15/1988'),(57444,'e0002','1/30/1958','Berry','Babb','F','3/21/1992'),(61583,'e0003','6/4/1957','Ziva','Vecchi','M','7/3/1986'),(62038,'s0001','9/27/1959','Shiv','Narlikar','F','9/3/1987'),(62117,'e0003','6/25/1964','Bojan','Crouzet','F','6/10/1994'),(67799,'e0002','10/17/1961','Pantung','Cools','M','1/28/1994'),(71530,'e0003','2/9/1959','Venkatesan','McAlpine','M','3/31/1989'),(78316,'e0004','1/14/1962','Roselyn','Rahimi','M','3/15/1995'),(85093,'s0002','1/30/1959','Nectarios','Covnot','M','4/24/1990'),(92149,'s0001','3/19/1957','Serenella','Kamber','F','9/14/1988'),(93916,'e0002','8/14/1957','Rosalie','Rousseau','F','11/7/1998'),(95280,'e0003','2/14/1960','Owen','Hiraishi','F','8/7/1985'),(98882,'e0003','3/12/1954','Yishay','Vanwelkenhuysen','F','11/17/1989'),(101013,'e0003','2/24/1961','Leen','Pappas','M','11/19/1989'),(103676,'e0003','12/2/1964','Karoline','Matzov','F','8/6/1987'),(104639,'e0003','6/19/1960','Theron','Escriba','F','9/14/1999'),(105597,'s0002','8/14/1956','Christfried','Kabayashi','M','5/11/1987'),(107258,'s0001','12/21/1953','Parviz','Zaumen','F','4/4/1987'),(109600,'s0001','4/12/1955','Xuejun','Chvatal','M','10/22/1991'),(109820,'e0001','11/11/1952','Juichirou','Ghelli','F','12/13/1986'),(201452,'e0002','4/19/1959','Karsten','Alpin','M','2/19/1998'),(201769,'e0004','11/6/1961','Jayesh','Merel','M','9/26/1992'),(205246,'s0002','11/25/1958','Nevio','Demizu','F','5/18/1986'),(205366,'s0002','2/21/1964','Kazuhira','Shimshoni','F','4/15/1987'),(205714,'e0003','8/27/1954','Anwar','Ellozy','M','12/12/1991'),(207774,'s0001','8/17/1953','KayLiang','Trachtenberg','M','5/2/1988'),(207791,'e0002','8/30/1957','Jahangir','Schmittgen','M','8/20/1988'),(208153,'e0003','10/25/1961','Abdulah','Lunn','M','4/8/1989'),(209422,'e0002','7/28/1964','Reinhard','Gischer','M','1/12/1999'),(209527,'s0001','9/26/1962','Sashi','Danlos','M','1/30/1998'),(210499,'s0001','7/26/1954','Pintsang','Peron','M','11/9/1988'),(211383,'s0001','9/24/1960','Uli','Candan','M','11/17/1992'),(212882,'s0001','12/26/1958','Changho','Pietracaprina','F','2/13/1992'),(213813,'s0001','7/11/1955','Tsuneo','Matzat','M','1/7/1989'),(214555,'e0003','10/8/1960','Nechama','Copas','F','10/27/1987'),(214747,'s0001','6/3/1954','Rutger','Grospietsch','F','12/30/1990'),(215615,'e0002','2/13/1957','Bader','Chinal','F','1/8/1990'),(217945,'s0002','3/19/1953','Shmuel','Georg','M','11/30/1986'),(219797,'s0001','1/24/1956','Neelam','Demeyer','M','3/4/1990'),(219881,'s0002','4/24/1956','Kwangyoen','Speek','F','2/14/1993'),(221689,'e0003','2/3/1960','Fayez','Harllee','F','1/1/1987'),(222134,'e0003','3/10/1962','Qunsheng','Speer','M','2/13/1986'),(223670,'e0003','8/8/1952','Erez','Chinin','F','7/1/1990'),(225842,'e0002','3/13/1952','Bowen','Schmezko','M','5/30/1986'),(229010,'s0001','11/12/1961','Mark','Cappelli','M','5/7/1990'),(230858,'s0001','5/13/1960','Conal','Dayana','F','8/29/1990'),(231751,'s0002','9/23/1952','Van','Lunn','F','11/25/1992'),(239838,'e0002','12/11/1957','Naftali','Dulli','M','6/6/1993'),(240129,'e0004','8/11/1952','Roddy','Karnin','M','5/29/1985'),(244492,'e0003','5/22/1958','Shaunak','Pettit','M','7/19/1994'),(244689,'s0001','4/13/1956','Urs','Saoudi','M','9/2/1991'),(246449,'s0001','3/23/1958','Subbu','Bultermann','F','3/25/1988'),(246896,'e0002','3/14/1958','Francoise','Baik','F','7/24/1996'),(250218,'e0003','1/30/1953','Uriel','Zongker','M','1/25/1988'),(252000,'e0001','12/3/1952','Zhonghui','Gyimothy','F','3/2/1989'),(256701,'e0003','11/24/1952','Chikako','Veevers','F','7/10/1988'),(259126,'s0001','7/5/1953','Dines','Encarnacion','M','8/2/1986'),(263976,'e0003','10/30/1959','Eran','Cusworth','M','11/14/1986'),(268566,'s0001','1/26/1962','Panayotis','Parveen','M','4/4/1997'),(270258,'e0003','4/5/1953','Feipei','Hasenauer','M','3/5/1995'),(270554,'s0001','6/11/1959','Percy','Litecky','F','8/16/1993'),(273487,'s0001','4/14/1957','Christoph','Parfitt','M','6/28/1991'),(277176,'s0001','7/7/1956','Kyoichi','Simmel','M','12/18/1994'),(279661,'s0002','3/9/1954','Xiadong','Bach','M','4/29/1986'),(280408,'s0001','9/19/1964','Elliott','Perl','M','10/29/1987'),(281320,'e0003','12/14/1960','Karoline','Ratzlaff','F','2/10/1995'),(282238,'e0003','10/28/1952','Abdelkader','Baumann','F','1/18/1991'),(284330,'e0002','4/5/1954','Bangqing','Pehl','F','9/30/1996'),(287414,'e0003','6/4/1957','Arie','Kamble','M','7/1/1988'),(289261,'s0001','2/4/1958','Gad','Nollmann','M','10/1/1985'),(292694,'e0003','6/20/1964','Kauko','Demizu','M','12/8/1990'),(293183,'e0002','11/5/1952','Guangming','Butterworth','F','10/1/1986'),(293744,'s0001','4/29/1952','Kolar','Carrere','M','6/30/1987'),(299898,'s0001','2/15/1964','Munehiko','Janocha','M','12/11/1988'),(401368,'e0002','3/31/1960','Vidar','Azumi','M','12/4/1991'),(402202,'e0004','10/14/1959','Leni','Pusterhofer','M','1/29/1995'),(403328,'e0003','3/28/1959','Shem','Kroha','M','9/22/1994'),(406318,'e0003','10/3/1952','Hitomi','Gunderson','M','11/22/1987'),(411412,'e0003','1/11/1953','Hairong','Schaar','M','12/24/1987'),(411614,'e0003','3/29/1958','Martins','Wynblatt','M','2/15/1992'),(413842,'e0003','10/20/1962','Christoph','Bahr','F','10/9/1990'),(414537,'s0001','8/13/1960','Chikara','Businaro','M','1/4/1987'),(414885,'s0001','8/3/1962','Candido','Vecchi','M','8/27/1995'),(416364,'e0003','2/5/1962','Zissis','Mateescu','M','11/26/1989'),(419277,'e0004','10/10/1953','Freyja','Uhrig','M','12/20/1986'),(421786,'s0001','9/28/1957','Xiong','Verhoeff','M','11/26/1987'),(422587,'e0003','7/3/1954','Mohit','Speek','F','1/14/1986'),(424270,'s0001','1/15/1963','Kellyn','Yoshizawa','F','5/8/1995'),(425023,'e0003','8/4/1953','Shaowen','Krone','M','11/18/1990'),(425656,'s0001','10/10/1964','Basem','Imataki','M','7/1/1987'),(426193,'s0001','2/10/1954','Huiqun','Rattan','M','3/23/1985'),(427027,'s0001','11/4/1964','Patricio','Butner','M','8/22/1987'),(427958,'s0001','5/3/1957','Feixiong','Poujol','F','5/11/1985'),(430484,'e0003','10/29/1962','Hairong','Soicher','F','3/14/1987'),(430653,'e0003','8/25/1960','Masoud','Peroz','F','9/30/1989'),(431759,'e0002','2/1/1965','Alassane','Ramsay','M','11/5/1987'),(435436,'e0003','3/31/1960','Tiina','Ozeki','F','10/20/1995'),(437985,'s0001','6/12/1954','Reuven','Munke','M','4/13/1986'),(439095,'s0001','4/21/1955','Changho','Matzat','M','12/6/1989'),(439788,'e0002','5/14/1958','Irene','Setia','F','8/10/1986'),(444985,'s0001','1/20/1956','Giap','Verspoor','F','3/17/1990'),(446142,'e0003','8/22/1961','Gregory','Zedlitz','F','7/10/1993'),(451259,'s0001','9/18/1956','Zhenhua','Milicic','M','8/4/1986'),(451340,'s0001','12/8/1961','Satosi','Zyda','M','10/9/1987'),(452859,'s0001','4/13/1960','Gudjon','Poupard','M','8/28/1988'),(457800,'s0001','9/20/1963','Stabislas','Domenig','M','8/4/1986'),(461591,'s0002','11/17/1964','Xudong','Samarati','M','11/13/1985'),(464798,'e0003','2/18/1954','Gen','Merey','M','3/23/1989'),(465253,'e0003','8/6/1957','Gladys','Yoshimura','F','7/23/1990'),(465348,'e0002','7/10/1958','Limsoon','Beznosov','M','2/9/1992'),(473302,'s0001','7/25/1953','Hideyuki','Zallocco','M','4/28/1990'),(474291,'e0003','12/1/1959','Juichirou','Jumpertz','M','9/18/1986'),(474804,'s0001','10/31/1958','Ziva','Merlo','M','10/30/1994'),(475053,'e0002','11/18/1954','Byong','Delgrande','F','9/7/1991'),(476443,'s0001','8/27/1952','Ziya','Asmuth','M','8/24/1995'),(477628,'s0001','3/18/1956','Duro','Beutelspacher','M','2/2/1991'),(477657,'e0002','12/18/1962','Lihong','Magliocco','M','10/23/1993'),(483560,'s0001','12/26/1960','Yannik','Krybus','M','10/20/1985'),(492191,'e0002','4/29/1962','Remco','Vakili','F','8/15/1990'),(492723,'e0003','9/30/1959','Piyawadee','Sanella','M','7/11/1987'),(496429,'s0001','11/5/1960','Takanari','Luders','M','2/18/1988');
/*!40000 ALTER TABLE `employees` ENABLE KEYS */;
UNLOCK TABLES;

--
-- Table structure for table `salaries`
--

DROP TABLE IF EXISTS `salaries`;
/*!40101 SET @saved_cs_client     = @@character_set_client */;
/*!50503 SET character_set_client = utf8mb4 */;
CREATE TABLE `salaries` (
  `emp_no` int(11) DEFAULT NULL,
  `salary` int(11) DEFAULT NULL,
  KEY `emp_no_idx` (`emp_no`)
) ENGINE=InnoDB DEFAULT CHARSET=utf8mb4 COLLATE=utf8mb4_0900_ai_ci;
/*!40101 SET character_set_client = @saved_cs_client */;

--
-- Dumping data for table `salaries`
--

LOCK TABLES `salaries` WRITE;
/*!40000 ALTER TABLE `salaries` DISABLE KEYS */;
INSERT INTO `salaries` VALUES (10001,60117),(10002,65828),(10003,40006),(10004,40054),(10005,78228),(10006,40000),(10007,56724),(10008,46671),(10009,60929),(10010,72488),(10011,42365),(10012,40000),(10013,40000),(10014,46168),(10015,40000),(10016,70889),(10017,71380),(10018,55881),(10019,44276),(10020,40000),(10021,55025),(10022,40000),(10023,47883),(10024,83733),(10025,40000),(10026,47585),(10027,40000),(10028,48859),(10029,63163),(10030,66956),(10031,40000),(10032,48426),(10033,51258),(10034,47561),(10035,41538),(10036,42819),(10037,40000),(10038,40000),(10039,40000),(10040,52153),(10041,56893),(10042,81662),(10043,49324),(10044,40919),(10045,41971),(10046,40000),(10047,54982),(10048,40000),(10049,40000),(10050,74366),(10051,48817),(10052,57212),(10053,67854),(10054,40000),(10055,80024),(10056,48857),(10057,49616),(10058,52787),(10059,71218),(10060,74686),(10061,68577),(10062,55685),(10063,40000),(10064,40000),(10065,40000),(10066,69736),(10067,44642),(10068,87964),(10069,67932),(10070,55999),(10071,40000),(10072,40000),(10073,56473),(10074,61714),(10075,43815),(10076,47319),(10077,40000),(10078,47280),(10079,53492),(10080,54916),(10081,55786),(10082,48935),(10083,40000),(10084,69811),(10085,40000),(10086,81613),(10087,96750),(10088,65957),(10089,56469),(10090,44978),(10091,40000),(10092,53977),(10093,67856),(10094,58001),(10095,63668),(10096,61395),(10097,44886),(10098,40000),(10099,68781),(10100,54398),(10101,66591),(10102,44380),(10103,68158),(10104,45312),(10105,59258),(10106,62928),(10107,93159),(10108,40000),(10109,40000),(10110,46836),(10111,40000),(10112,49500),(10113,69856),(10114,49593),(10115,40000),(10116,44034),(10117,52284),(10118,40000),(10119,53551),(10120,46292),(10121,43772),(10122,42284),(10123,71524),(10124,40583),(10125,58249),(10126,40000),(10127,40000),(10128,40000),(10129,40000),(10130,40000),(10131,48475),(10132,61590),(10133,40000),(10134,40000),(10135,40000),(10136,82420),(10137,40000),(10138,53574),(10139,40000),(10140,61352),(10141,62907),(10142,40000),(10143,40000),(10144,56720),(10145,47612),(10146,60394),(10147,40000),(10148,63021),(10149,88740),(10150,70122),(10151,90741),(10152,40000),(10153,54246);
/*!40000 ALTER TABLE `salaries` ENABLE KEYS */;
UNLOCK TABLES;

--
-- Table structure for table `titles`
--

DROP TABLE IF EXISTS `titles`;
/*!40101 SET @saved_cs_client     = @@character_set_client */;
/*!50503 SET character_set_client = utf8mb4 */;
CREATE TABLE `titles` (
  `Title_id` varchar(10) NOT NULL,
  `Title` varchar(255) NOT NULL,
  PRIMARY KEY (`Title_id`)
) ENGINE=InnoDB DEFAULT CHARSET=utf8mb4 COLLATE=utf8mb4_0900_ai_ci;
/*!40101 SET character_set_client = @saved_cs_client */;

--
-- Dumping data for table `titles`
--

LOCK TABLES `titles` WRITE;
/*!40000 ALTER TABLE `titles` DISABLE KEYS */;
INSERT INTO `titles` VALUES ('e0001','Assistant Engineer'),('e0002','Engineer'),('e0003','Senior Engineer'),('e0004','Technique Leader'),('m0001','Manager'),('s0001','Staff'),('s0002','Senior Staff');
/*!40000 ALTER TABLE `titles` ENABLE KEYS */;
UNLOCK TABLES;
/*!40103 SET TIME_ZONE=@OLD_TIME_ZONE */;

/*!40101 SET SQL_MODE=@OLD_SQL_MODE */;
/*!40014 SET FOREIGN_KEY_CHECKS=@OLD_FOREIGN_KEY_CHECKS */;
/*!40014 SET UNIQUE_CHECKS=@OLD_UNIQUE_CHECKS */;
/*!40101 SET CHARACTER_SET_CLIENT=@OLD_CHARACTER_SET_CLIENT */;
/*!40101 SET CHARACTER_SET_RESULTS=@OLD_CHARACTER_SET_RESULTS */;
/*!40101 SET COLLATION_CONNECTION=@OLD_COLLATION_CONNECTION */;
/*!40111 SET SQL_NOTES=@OLD_SQL_NOTES */;

